customer_id,recency_days,frequency,monetary,ticket_count,return_rate,abandoned_carts_30d,R_score,F_score,M_score,segment_name
CUST00001,225.0,2.0,3850.7845927131457,1.0,0.0,5,2,1,2,high_intent_abandoner
CUST00002,92.0,5.0,11116.315373228254,2.0,0.0,4,3,4,5,high_value_unhappy
CUST00003,177.0,3.0,4014.805631718911,0.0,0.0,4,2,2,2,high_intent_abandoner
CUST00004,142.0,2.0,2123.8745245340397,0.0,0.0,3,3,1,1,high_intent_abandoner
CUST00005,106.0,2.0,2933.7878557564345,1.0,0.0,3,3,1,1,high_intent_abandoner
CUST00006,150.0,2.0,3708.0948714057954,1.0,0.5,1,2,1,2,dormant_customers
CUST00007,44.0,3.0,7352.240877365039,1.0,0.0,2,4,2,3,new_customers
CUST00008,176.0,2.0,812.8389888310207,0.0,0.0,3,2,1,1,high_intent_abandoner
CUST00009,999.0,0.0,0.0,2.0,0.0,0,1,1,1,dormant_customers
CUST00010,57.0,5.0,6608.275233564807,0.0,0.2,1,4,4,3,loyal_customers
CUST00011,37.0,4.0,4263.248376789272,1.0,0.25,0,4,3,2,discount_sensitive_customers
CUST00012,112.0,7.0,15863.994667604169,0.0,0.14285714285714285,0,3,5,5,loyal_customers
CUST00013,77.0,5.0,7416.923120115387,0.0,0.0,2,4,4,3,loyal_customers
CUST00014,180.0,5.0,4928.109256500926,0.0,0.0,0,2,4,2,discount_sensitive_customers
CUST00015,999.0,0.0,0.0,0.0,0.0,0,1,1,1,dormant_customers
CUST00016,29.0,2.0,5076.25334918644,1.0,0.0,5,5,1,2,high_intent_abandoner
CUST00017,144.0,4.0,7692.25742742857,1.0,0.5,0,3,3,4,loyal_customers
CUST00018,19.0,2.0,3648.5457136076784,1.0,0.0,0,5,1,2,new_customers
CUST00019,10.0,14.0,20481.18484726965,1.0,0.07142857142857142,1,5,5,5,champions
CUST00020,593.0,1.0,3370.2979403432114,0.0,0.0,1,1,1,1,dormant_customers
CUST00021,500.0,3.0,5322.593278219743,3.0,0.0,2,1,2,2,dormant_customers
CUST00022,204.0,7.0,12436.11854455498,0.0,0.0,2,2,5,5,at_risk_customers
CUST00023,3.0,4.0,7131.404592222367,0.0,0.25,5,5,3,3,loyal_customers
CUST00024,157.0,2.0,3925.7723926464314,2.0,0.0,0,2,1,2,dormant_customers
CUST00025,2.0,7.0,9559.291475311433,1.0,0.42857142857142855,4,5,5,4,champions
CUST00026,96.0,2.0,3571.4848403398773,1.0,0.0,0,3,1,2,discount_sensitive_customers
CUST00027,110.0,2.0,6419.789197752683,1.0,0.0,0,3,1,3,discount_sensitive_customers
CUST00028,255.0,3.0,7050.743690041221,1.0,0.3333333333333333,5,2,2,3,high_intent_abandoner
CUST00029,161.0,7.0,14866.647340708527,1.0,0.0,2,2,5,5,at_risk_customers
CUST00030,55.0,2.0,3626.7041018894993,1.0,0.5,3,4,1,2,high_intent_abandoner
CUST00031,265.0,4.0,6452.2339770139715,0.0,0.25,2,1,3,3,at_risk_customers
CUST00032,999.0,0.0,0.0,1.0,0.0,1,1,1,1,dormant_customers
CUST00033,350.0,2.0,3816.2215931731935,0.0,0.0,2,1,1,2,dormant_customers
CUST00034,999.0,0.0,0.0,0.0,0.0,5,1,1,1,high_intent_abandoner
CUST00035,12.0,5.0,9959.969312022347,0.0,0.2,3,5,4,4,champions
CUST00036,156.0,4.0,8503.722545363678,1.0,0.0,0,2,3,4,at_risk_customers
CUST00037,265.0,4.0,8904.793230043797,0.0,0.5,3,1,3,4,at_risk_customers
CUST00038,138.0,4.0,6182.137709051568,0.0,0.0,5,3,3,3,loyal_customers
CUST00039,74.0,4.0,7368.7826650149955,0.0,0.0,5,4,3,3,loyal_customers
CUST00040,2.0,6.0,16157.981962196423,2.0,0.16666666666666666,2,5,5,5,high_value_unhappy
CUST00041,19.0,7.0,10802.096248497262,0.0,0.14285714285714285,4,5,5,5,champions
CUST00042,78.0,2.0,4813.07912314015,1.0,0.0,5,4,1,2,high_intent_abandoner
CUST00043,230.0,6.0,13263.084910257694,0.0,0.0,1,2,5,5,at_risk_customers
CUST00044,225.0,2.0,2540.3490109891427,1.0,0.0,5,2,1,1,high_intent_abandoner
CUST00045,195.0,2.0,4839.783024790288,0.0,0.0,3,2,1,2,high_intent_abandoner
CUST00046,16.0,3.0,5357.469712558002,0.0,0.0,5,5,2,2,high_intent_abandoner
CUST00047,517.0,2.0,942.7058822920221,2.0,0.5,2,1,1,1,dormant_customers
CUST00048,228.0,2.0,3674.34863347746,1.0,0.0,0,2,1,2,dormant_customers
CUST00049,75.0,5.0,12080.947009851585,1.0,0.0,2,4,4,5,champions
CUST00050,237.0,2.0,4060.155145559075,1.0,0.0,5,2,1,2,high_intent_abandoner
CUST00051,117.0,3.0,5053.402453743736,2.0,0.0,5,3,2,2,high_intent_abandoner
CUST00052,246.0,3.0,3456.2832343642713,0.0,0.0,0,2,2,1,dormant_customers
CUST00053,526.0,2.0,4699.561246232605,0.0,0.0,4,1,1,2,high_intent_abandoner
CUST00054,150.0,2.0,5724.597259625144,4.0,0.0,1,2,1,3,dormant_customers
CUST00055,165.0,6.0,11378.698717312434,0.0,0.16666666666666666,3,2,5,5,at_risk_customers
CUST00056,196.0,5.0,11386.849121432297,0.0,0.4,2,2,4,5,at_risk_customers
CUST00057,96.0,3.0,8061.562461136986,2.0,0.0,2,3,2,4,discount_sensitive_customers
CUST00058,301.0,3.0,3841.838656300224,2.0,0.6666666666666666,3,1,2,2,high_intent_abandoner
CUST00059,74.0,3.0,1905.9325364397391,0.0,0.0,5,4,2,1,high_intent_abandoner
CUST00060,136.0,3.0,2681.4442172856525,1.0,0.0,0,3,2,1,discount_sensitive_customers
CUST00061,105.0,6.0,12094.627699600836,0.0,0.0,1,3,5,5,loyal_customers
CUST00062,14.0,5.0,8704.7439298808,1.0,0.0,4,5,4,4,champions
CUST00063,73.0,3.0,3684.895991839287,0.0,0.0,3,4,2,2,high_intent_abandoner
CUST00064,438.0,1.0,1389.131770259069,1.0,0.0,1,1,1,1,dormant_customers
CUST00065,177.0,3.0,5109.724312927125,0.0,0.0,2,2,2,2,dormant_customers
CUST00066,187.0,3.0,5331.514073760305,0.0,0.3333333333333333,1,2,2,2,dormant_customers
CUST00067,146.0,5.0,10114.430110405454,0.0,0.0,5,3,4,4,loyal_customers
CUST00068,18.0,4.0,9335.190292464344,0.0,0.25,4,5,3,4,loyal_customers
CUST00069,114.0,5.0,9520.322661078259,1.0,0.2,1,3,4,4,loyal_customers
CUST00070,37.0,3.0,6663.7933969999,0.0,0.0,5,4,2,3,high_intent_abandoner
CUST00071,265.0,2.0,2803.657417957564,1.0,0.0,2,1,1,1,dormant_customers
CUST00072,187.0,6.0,8490.380936846514,0.0,0.0,4,2,5,4,at_risk_customers
CUST00073,11.0,5.0,2986.900374406837,0.0,0.0,4,5,4,1,discount_sensitive_customers
CUST00074,368.0,3.0,4284.3571463233675,2.0,0.0,4,1,2,2,high_intent_abandoner
CUST00075,185.0,5.0,11969.99125067785,0.0,0.0,2,2,4,5,at_risk_customers
CUST00076,182.0,5.0,5538.1781981028,0.0,0.4,0,2,4,3,at_risk_customers
CUST00077,103.0,3.0,4054.318759675769,1.0,0.0,2,3,2,2,discount_sensitive_customers
CUST00078,37.0,3.0,5322.941675234089,0.0,0.0,0,4,2,2,new_customers
CUST00079,103.0,3.0,7295.932713331978,0.0,0.0,5,3,2,3,high_intent_abandoner
CUST00080,28.0,3.0,4984.090896523448,0.0,0.0,0,5,2,2,new_customers
CUST00081,29.0,2.0,4806.426340488519,1.0,0.0,2,5,1,2,new_customers
CUST00082,38.0,7.0,11221.593287996147,0.0,0.0,5,4,5,5,champions
CUST00083,87.0,6.0,11244.82581084616,2.0,0.0,1,3,5,5,high_value_unhappy
CUST00084,157.0,3.0,5816.3597924351225,1.0,0.0,2,2,2,3,dormant_customers
CUST00085,15.0,3.0,6393.027782428864,3.0,0.0,4,5,2,3,high_intent_abandoner
CUST00086,402.0,5.0,10235.266628864621,0.0,0.0,1,1,4,4,at_risk_customers
CUST00087,361.0,4.0,6597.584267210228,1.0,0.0,3,1,3,3,at_risk_customers
CUST00088,306.0,5.0,12031.742776267603,0.0,0.4,5,1,4,5,at_risk_customers
CUST00089,170.0,2.0,4321.8824181348555,0.0,0.0,3,2,1,2,high_intent_abandoner
CUST00090,38.0,8.0,11514.503998326058,0.0,0.0,3,4,5,5,champions
CUST00091,428.0,3.0,8703.18950065886,1.0,0.0,4,1,2,4,high_intent_abandoner
CUST00092,10.0,6.0,11806.264502802222,1.0,0.16666666666666666,5,5,5,5,champions
CUST00093,3.0,5.0,11395.946939638121,0.0,0.4,5,5,4,5,champions
CUST00094,444.0,1.0,1538.582131034983,0.0,0.0,4,1,1,1,high_intent_abandoner
CUST00095,215.0,3.0,7317.708267710894,2.0,0.0,0,2,2,3,dormant_customers
CUST00096,50.0,1.0,2286.2869542345047,0.0,0.0,5,4,1,1,high_intent_abandoner
CUST00097,24.0,2.0,3123.465872431423,0.0,0.0,4,5,1,1,high_intent_abandoner
CUST00098,438.0,1.0,2129.162612409211,0.0,0.0,5,1,1,1,high_intent_abandoner
CUST00099,262.0,3.0,3273.9013309841102,3.0,0.3333333333333333,0,1,2,1,dormant_customers
CUST00100,126.0,2.0,3246.9621971856805,1.0,0.0,3,3,1,1,high_intent_abandoner
CUST00101,126.0,4.0,4477.4658773409155,0.0,0.0,2,3,3,2,discount_sensitive_customers
CUST00102,256.0,2.0,3790.7165430904565,0.0,0.0,2,2,1,2,dormant_customers
CUST00103,67.0,2.0,4836.72603928227,0.0,0.5,5,4,1,2,high_intent_abandoner
CUST00104,101.0,3.0,2389.0443805153477,0.0,0.0,4,3,2,1,high_intent_abandoner
CUST00105,60.0,7.0,15305.51694226982,1.0,0.0,5,4,5,5,champions
CUST00106,25.0,5.0,7897.909686888994,0.0,0.0,3,5,4,4,champions
CUST00107,133.0,2.0,3401.389847522477,2.0,0.0,5,3,1,1,high_intent_abandoner
CUST00108,105.0,2.0,3548.5424428169977,2.0,0.0,3,3,1,2,high_intent_abandoner
CUST00109,191.0,2.0,4168.5414976808415,2.0,0.0,0,2,1,2,dormant_customers
CUST00110,35.0,3.0,6070.82848633566,1.0,0.0,0,5,2,3,new_customers
CUST00111,20.0,4.0,7782.066537845981,2.0,0.0,3,5,3,4,high_value_unhappy
CUST00112,98.0,3.0,2322.5293242858515,1.0,0.0,5,3,2,1,high_intent_abandoner
CUST00113,150.0,2.0,5376.476064011714,1.0,0.5,4,2,1,2,high_intent_abandoner
CUST00114,493.0,1.0,3139.113667518549,2.0,0.0,4,1,1,1,high_intent_abandoner
CUST00115,208.0,5.0,10646.769881073642,2.0,0.0,3,2,4,5,high_value_unhappy
CUST00116,23.0,5.0,5298.143864635776,3.0,0.0,5,5,4,2,discount_sensitive_customers
CUST00117,67.0,5.0,8384.466702539303,2.0,0.0,5,4,4,4,high_value_unhappy
CUST00118,141.0,5.0,11292.094956398545,1.0,0.2,2,3,4,5,loyal_customers
CUST00119,86.0,4.0,6380.943752448387,0.0,0.0,2,3,3,3,loyal_customers
CUST00120,15.0,1.0,2733.414069836415,0.0,0.0,0,5,1,1,new_customers
CUST00121,119.0,3.0,4900.38309815209,3.0,0.0,5,3,2,2,high_intent_abandoner
CUST00122,152.0,2.0,1427.2518308198082,1.0,0.0,3,2,1,1,high_intent_abandoner
CUST00123,210.0,8.0,15919.837310323328,2.0,0.375,2,2,5,5,high_value_unhappy
CUST00124,161.0,4.0,4661.4035688548765,0.0,0.0,4,2,3,2,discount_sensitive_customers
CUST00125,170.0,2.0,6710.8663993931805,0.0,0.0,1,2,1,3,dormant_customers
CUST00126,124.0,6.0,12007.125374493893,0.0,0.16666666666666666,1,3,5,5,loyal_customers
CUST00127,28.0,4.0,5526.275136084307,2.0,0.0,5,5,3,2,discount_sensitive_customers
CUST00128,107.0,5.0,8768.726218454967,0.0,0.0,3,3,4,4,loyal_customers
CUST00129,146.0,5.0,5659.769821490028,2.0,0.2,0,3,4,3,loyal_customers
CUST00130,76.0,8.0,13399.232076232667,2.0,0.0,1,4,5,5,high_value_unhappy
CUST00131,29.0,3.0,2798.158525800069,2.0,0.0,4,5,2,1,high_intent_abandoner
CUST00132,360.0,3.0,3554.7817146808025,1.0,0.3333333333333333,4,1,2,2,high_intent_abandoner
CUST00133,263.0,7.0,12920.888437755286,1.0,0.0,4,1,5,5,at_risk_customers
CUST00134,47.0,3.0,3336.7760868146734,0.0,0.0,1,4,2,1,new_customers
CUST00135,361.0,3.0,4952.353457153895,0.0,0.6666666666666666,2,1,2,2,dormant_customers
CUST00136,212.0,1.0,3324.7268896203036,2.0,0.0,4,2,1,1,high_intent_abandoner
CUST00137,39.0,7.0,10950.75056523861,0.0,0.0,0,4,5,5,champions
CUST00138,285.0,3.0,5781.5648555566295,0.0,0.0,3,1,2,3,high_intent_abandoner
CUST00139,18.0,9.0,14801.12803415582,0.0,0.1111111111111111,3,5,5,5,champions
CUST00140,180.0,3.0,6579.12283824507,0.0,0.0,3,2,2,3,high_intent_abandoner
CUST00141,90.0,5.0,13035.157734919416,0.0,0.0,2,3,4,5,loyal_customers
CUST00142,231.0,3.0,7195.150661110332,0.0,0.0,3,2,2,3,high_intent_abandoner
CUST00143,6.0,5.0,6498.912405778476,0.0,0.0,3,5,4,3,loyal_customers
CUST00144,72.0,6.0,12757.049719691067,0.0,0.0,1,4,5,5,champions
CUST00145,268.0,3.0,3000.511819285184,5.0,0.3333333333333333,2,1,2,1,dormant_customers
CUST00146,72.0,7.0,10843.748071802509,0.0,0.0,2,4,5,5,champions
CUST00147,144.0,4.0,4191.924639070029,1.0,0.0,1,3,3,2,discount_sensitive_customers
CUST00148,3.0,7.0,10339.19823028963,0.0,0.14285714285714285,0,5,5,5,champions
CUST00149,69.0,8.0,15686.390748104715,3.0,0.0,3,4,5,5,high_value_unhappy
CUST00150,999.0,0.0,0.0,0.0,0.0,0,1,1,1,dormant_customers
CUST00151,122.0,1.0,2033.5956897391081,1.0,0.0,1,3,1,1,discount_sensitive_customers
CUST00152,122.0,3.0,3838.7860964131046,1.0,0.3333333333333333,1,3,2,2,discount_sensitive_customers
CUST00153,211.0,2.0,3052.3132942038364,0.0,1.0,1,2,1,1,dormant_customers
CUST00154,24.0,7.0,12781.945971325255,1.0,0.14285714285714285,1,5,5,5,champions
CUST00155,42.0,5.0,6605.544080913305,2.0,0.4,5,4,4,3,loyal_customers
CUST00156,79.0,3.0,5663.438992928823,1.0,0.3333333333333333,4,4,2,3,high_intent_abandoner
CUST00157,92.0,3.0,4078.9663365593933,0.0,0.0,1,3,2,2,discount_sensitive_customers
CUST00158,24.0,3.0,4139.228814629926,1.0,0.0,0,5,2,2,new_customers
CUST00159,76.0,3.0,2414.4375067443916,2.0,0.0,1,4,2,1,new_customers
CUST00160,60.0,4.0,3906.188262100439,0.0,0.25,0,4,3,2,discount_sensitive_customers
CUST00161,418.0,3.0,6409.911248509813,1.0,0.0,1,1,2,3,dormant_customers
CUST00162,32.0,5.0,11294.895496029305,1.0,0.2,1,5,4,5,champions
CUST00163,115.0,5.0,9689.658399273387,2.0,0.2,4,3,4,4,high_value_unhappy
CUST00164,184.0,4.0,8361.115641902801,1.0,0.0,1,2,3,4,at_risk_customers
CUST00165,7.0,4.0,8281.57966492339,0.0,0.25,3,5,3,4,loyal_customers
CUST00166,6.0,9.0,17049.495736862234,0.0,0.2222222222222222,4,5,5,5,champions
CUST00167,164.0,4.0,9475.070271689532,1.0,0.0,4,2,3,4,at_risk_customers
CUST00168,383.0,2.0,5596.619736527571,1.0,0.5,3,1,1,3,high_intent_abandoner
CUST00169,169.0,3.0,8406.26057860492,0.0,0.0,5,2,2,4,high_intent_abandoner
CUST00170,999.0,0.0,0.0,1.0,0.0,4,1,1,1,high_intent_abandoner
CUST00171,283.0,6.0,12399.446616554644,0.0,0.16666666666666666,1,1,5,5,at_risk_customers
CUST00172,29.0,6.0,13545.374201034374,1.0,0.16666666666666666,3,5,5,5,champions
CUST00173,98.0,4.0,3943.728669899622,0.0,0.5,1,3,3,2,discount_sensitive_customers
CUST00174,232.0,1.0,510.45988523489575,0.0,0.0,4,2,1,1,high_intent_abandoner
CUST00175,132.0,4.0,6048.909814025488,1.0,0.0,2,3,3,3,loyal_customers
CUST00176,108.0,3.0,6005.442283190847,0.0,0.0,3,3,2,3,high_intent_abandoner
CUST00177,62.0,4.0,4939.919679165682,0.0,0.0,0,4,3,2,discount_sensitive_customers
CUST00178,423.0,1.0,891.8722701180153,1.0,0.0,4,1,1,1,high_intent_abandoner
CUST00179,6.0,7.0,11872.315953922585,3.0,0.2857142857142857,2,5,5,5,high_value_unhappy
CUST00180,209.0,4.0,4923.55598027938,0.0,0.25,4,2,3,2,discount_sensitive_customers
CUST00181,99.0,5.0,8840.192267392962,2.0,0.4,1,3,4,4,high_value_unhappy
CUST00182,171.0,4.0,7316.2818442916205,1.0,0.0,5,2,3,3,at_risk_customers
CUST00183,83.0,5.0,8884.254654939497,3.0,0.2,5,4,4,4,high_value_unhappy
CUST00184,391.0,2.0,2583.049619376421,3.0,0.0,1,1,1,1,dormant_customers
CUST00185,14.0,2.0,3432.619511352763,0.0,0.0,5,5,1,1,high_intent_abandoner
CUST00186,419.0,2.0,3675.875877685174,0.0,0.0,1,1,1,2,dormant_customers
CUST00187,59.0,7.0,10979.835726078487,0.0,0.14285714285714285,2,4,5,5,champions
CUST00188,116.0,3.0,4871.080553789262,0.0,0.3333333333333333,1,3,2,2,discount_sensitive_customers
CUST00189,372.0,4.0,6452.462408792055,0.0,0.0,4,1,3,3,at_risk_customers
CUST00190,38.0,5.0,5588.738613731155,1.0,0.0,4,4,4,3,loyal_customers
CUST00191,169.0,5.0,10881.25480737535,1.0,0.2,5,2,4,5,at_risk_customers
CUST00192,22.0,9.0,16419.09926115195,1.0,0.1111111111111111,4,5,5,5,champions
CUST00193,42.0,3.0,4802.367146314999,0.0,0.0,3,4,2,2,high_intent_abandoner
CUST00194,48.0,4.0,9311.852177047636,1.0,0.25,4,4,3,4,loyal_customers
CUST00195,103.0,5.0,9845.941269035811,1.0,0.2,1,3,4,4,loyal_customers
CUST00196,133.0,1.0,1537.6565705644407,0.0,0.0,3,3,1,1,high_intent_abandoner
CUST00197,43.0,2.0,3007.1730760369783,0.0,0.0,3,4,1,1,high_intent_abandoner
CUST00198,52.0,7.0,10931.094913323184,0.0,0.0,3,4,5,5,champions
CUST00199,471.0,2.0,2839.852587709042,2.0,0.5,3,1,1,1,high_intent_abandoner
CUST00200,1.0,1.0,3030.4611118674943,1.0,0.0,5,5,1,1,high_intent_abandoner
CUST00201,42.0,3.0,5625.085295984545,0.0,0.0,2,4,2,3,new_customers
CUST00202,50.0,7.0,13372.831513190797,0.0,0.2857142857142857,5,4,5,5,champions
CUST00203,10.0,5.0,6989.874472287515,1.0,0.2,4,5,4,3,loyal_customers
CUST00204,39.0,3.0,4735.068182195934,1.0,0.3333333333333333,2,4,2,2,new_customers
CUST00205,102.0,5.0,10955.918693138785,0.0,0.2,5,3,4,5,loyal_customers
CUST00206,380.0,2.0,3274.4559944195034,0.0,0.5,0,1,1,1,dormant_customers
CUST00207,31.0,5.0,9032.514903264859,2.0,0.0,2,5,4,4,high_value_unhappy
CUST00208,256.0,6.0,8939.046619876945,1.0,0.16666666666666666,5,2,5,4,at_risk_customers
CUST00209,114.0,2.0,4235.918509372,1.0,0.5,5,3,1,2,high_intent_abandoner
CUST00210,285.0,6.0,12561.200456619346,2.0,0.16666666666666666,3,1,5,5,high_value_unhappy
CUST00211,378.0,2.0,3713.6274479083904,2.0,0.0,4,1,1,2,high_intent_abandoner
CUST00212,54.0,2.0,4636.672980835965,1.0,0.0,5,4,1,2,high_intent_abandoner
CUST00213,158.0,5.0,13246.984776812293,2.0,0.2,4,2,4,5,high_value_unhappy
CUST00214,148.0,5.0,9557.60562175198,2.0,0.0,1,2,4,4,high_value_unhappy
CUST00215,54.0,3.0,4338.618346391899,1.0,0.0,5,4,2,2,high_intent_abandoner
CUST00216,27.0,7.0,10162.496101011613,1.0,0.0,2,5,5,4,champions
CUST00217,80.0,5.0,10872.750125192895,1.0,0.0,4,4,4,5,champions
CUST00218,999.0,0.0,0.0,1.0,0.0,0,1,1,1,dormant_customers
CUST00219,306.0,2.0,5837.166477065189,2.0,0.0,0,1,1,3,dormant_customers
CUST00220,384.0,3.0,4268.474296103659,2.0,0.3333333333333333,5,1,2,2,high_intent_abandoner
CUST00221,189.0,4.0,7193.156365308516,0.0,0.0,2,2,3,3,at_risk_customers
CUST00222,269.0,1.0,2229.931306847264,0.0,0.0,5,1,1,1,high_intent_abandoner
CUST00223,50.0,5.0,10135.463415880517,0.0,0.0,5,4,4,4,champions
CUST00224,34.0,5.0,13129.92823849263,1.0,0.0,1,5,4,5,champions
CUST00225,2.0,5.0,12557.67052020545,5.0,0.0,5,5,4,5,high_value_unhappy
CUST00226,272.0,8.0,14027.652777763207,1.0,0.25,5,1,5,5,at_risk_customers
CUST00227,201.0,4.0,7170.776291602614,2.0,0.0,0,2,3,3,at_risk_customers
CUST00228,46.0,5.0,9654.031522473302,2.0,0.0,1,4,4,4,high_value_unhappy
CUST00229,41.0,5.0,12930.55943760874,1.0,0.0,2,4,4,5,champions
CUST00230,55.0,3.0,6809.745576620256,1.0,0.3333333333333333,5,4,2,3,high_intent_abandoner
CUST00231,105.0,3.0,8861.333265795,2.0,0.3333333333333333,4,3,2,4,high_intent_abandoner
CUST00232,24.0,3.0,6356.130876349362,0.0,0.3333333333333333,1,5,2,3,new_customers
CUST00233,373.0,4.0,6723.821884648122,2.0,0.25,5,1,3,3,at_risk_customers
CUST00234,140.0,4.0,9846.010491364746,2.0,0.0,0,3,3,4,high_value_unhappy
CUST00235,77.0,8.0,14130.585068493077,0.0,0.25,1,4,5,5,champions
CUST00236,167.0,6.0,9314.286899485112,1.0,0.5,4,2,5,4,at_risk_customers
CUST00237,66.0,5.0,9084.778874941296,0.0,0.2,5,4,4,4,champions
CUST00238,223.0,3.0,7711.233326039275,2.0,0.0,4,2,2,4,high_intent_abandoner
CUST00239,211.0,4.0,5326.148233815265,0.0,0.0,0,2,3,2,discount_sensitive_customers
CUST00240,95.0,2.0,5548.830981109127,0.0,0.5,1,3,1,3,discount_sensitive_customers
CUST00241,240.0,2.0,2987.489564769324,0.0,0.5,1,2,1,1,dormant_customers
CUST00242,144.0,6.0,9073.035889381455,1.0,0.0,3,3,5,4,loyal_customers
CUST00243,43.0,4.0,5166.32608620039,1.0,0.0,0,4,3,2,discount_sensitive_customers
CUST00244,253.0,4.0,4794.04733734546,1.0,0.0,1,2,3,2,discount_sensitive_customers
CUST00245,48.0,7.0,11039.146355145604,0.0,0.14285714285714285,2,4,5,5,champions
CUST00246,396.0,2.0,4983.411145491784,0.0,0.0,3,1,1,2,high_intent_abandoner
CUST00247,254.0,2.0,5882.1611885539205,1.0,0.0,0,2,1,3,dormant_customers
CUST00248,345.0,1.0,692.0004338135944,0.0,0.0,4,1,1,1,high_intent_abandoner
CUST00249,375.0,1.0,1098.4130787860959,1.0,0.0,0,1,1,1,dormant_customers
CUST00250,314.0,5.0,7958.084949848855,0.0,0.2,2,1,4,4,at_risk_customers
CUST00251,1.0,5.0,8988.80346376252,0.0,0.0,2,5,4,4,champions
CUST00252,999.0,0.0,0.0,2.0,0.0,4,1,1,1,high_intent_abandoner
CUST00253,34.0,4.0,4838.974976729985,0.0,0.0,4,5,3,2,discount_sensitive_customers
CUST00254,200.0,6.0,11245.366511066566,0.0,0.0,4,2,5,5,at_risk_customers
CUST00255,201.0,5.0,7264.6985506086,0.0,0.0,3,2,4,3,at_risk_customers
CUST00256,10.0,3.0,6797.3183115907705,3.0,0.3333333333333333,2,5,2,3,new_customers
CUST00257,76.0,7.0,15266.015003766372,1.0,0.14285714285714285,4,4,5,5,champions
CUST00258,518.0,1.0,422.5186074731368,1.0,1.0,2,1,1,1,dormant_customers
CUST00259,110.0,9.0,16568.15688028835,1.0,0.0,3,3,5,5,loyal_customers
CUST00260,145.0,2.0,2740.859778091402,0.0,0.0,5,3,1,1,high_intent_abandoner
CUST00261,92.0,2.0,4596.919550774513,0.0,0.0,3,3,1,2,high_intent_abandoner
CUST00262,16.0,5.0,8980.430065186849,0.0,0.0,5,5,4,4,champions
CUST00263,69.0,2.0,6104.300483129122,1.0,0.0,2,4,1,3,new_customers
CUST00264,999.0,0.0,0.0,1.0,0.0,4,1,1,1,high_intent_abandoner
CUST00265,22.0,6.0,5059.344057804768,2.0,0.0,5,5,5,2,discount_sensitive_customers
CUST00266,188.0,4.0,5811.691865257392,0.0,0.25,0,2,3,3,at_risk_customers
CUST00267,48.0,3.0,5050.561304073617,2.0,0.6666666666666666,1,4,2,2,new_customers
CUST00268,43.0,4.0,10235.59439713434,1.0,0.25,2,4,3,4,loyal_customers
CUST00269,433.0,1.0,3230.650979101424,0.0,0.0,5,1,1,1,high_intent_abandoner
CUST00270,309.0,5.0,9164.723650659105,0.0,0.2,3,1,4,4,at_risk_customers
CUST00271,100.0,9.0,18645.155089713884,0.0,0.1111111111111111,4,3,5,5,loyal_customers
CUST00272,95.0,4.0,4760.787408124305,0.0,0.0,5,3,3,2,discount_sensitive_customers
CUST00273,37.0,6.0,11895.521292729774,1.0,0.0,1,4,5,5,champions
CUST00274,148.0,4.0,7825.5830565307815,0.0,0.0,2,2,3,4,at_risk_customers
CUST00275,280.0,2.0,3712.2733004517604,0.0,0.0,0,1,1,2,dormant_customers
CUST00276,90.0,5.0,7513.225403910427,2.0,0.2,0,3,4,3,loyal_customers
CUST00277,28.0,3.0,7374.269216973088,0.0,0.0,3,5,2,3,high_intent_abandoner
CUST00278,137.0,7.0,15255.230067429566,3.0,0.14285714285714285,3,3,5,5,high_value_unhappy
CUST00279,345.0,2.0,5567.995162445886,2.0,0.5,3,1,1,3,high_intent_abandoner
CUST00280,26.0,2.0,5676.70795234775,0.0,0.5,2,5,1,3,new_customers
CUST00281,218.0,5.0,9299.149312750633,1.0,0.2,0,2,4,4,at_risk_customers
CUST00282,174.0,3.0,5492.896134114815,3.0,0.0,0,2,2,2,dormant_customers
CUST00283,41.0,6.0,8238.791753723672,0.0,0.0,3,4,5,4,champions
CUST00284,211.0,4.0,4669.081774056609,0.0,0.25,3,2,3,2,discount_sensitive_customers
CUST00285,259.0,4.0,8209.335046808439,0.0,0.0,4,1,3,4,at_risk_customers
CUST00286,164.0,3.0,6913.256512426171,1.0,0.3333333333333333,0,2,2,3,dormant_customers
CUST00287,999.0,0.0,0.0,0.0,0.0,3,1,1,1,high_intent_abandoner
CUST00288,483.0,2.0,5321.894960223017,0.0,0.0,3,1,1,2,high_intent_abandoner
CUST00289,114.0,5.0,8897.246060726793,4.0,0.2,3,3,4,4,high_value_unhappy
CUST00290,562.0,2.0,2081.6537609239176,0.0,0.0,5,1,1,1,high_intent_abandoner
CUST00291,27.0,1.0,635.3942751022249,2.0,0.0,4,5,1,1,high_intent_abandoner
CUST00292,421.0,1.0,1619.5172505941348,0.0,0.0,0,1,1,1,dormant_customers
CUST00293,147.0,4.0,5779.272923614192,0.0,0.25,0,3,3,3,loyal_customers
CUST00294,282.0,2.0,4152.594598207039,1.0,0.5,0,1,1,2,dormant_customers
CUST00295,88.0,7.0,8664.03442676856,0.0,0.0,4,3,5,4,loyal_customers
CUST00296,402.0,3.0,7837.720720033328,0.0,0.0,2,1,2,4,dormant_customers
CUST00297,15.0,2.0,4772.228886108276,1.0,0.0,4,5,1,2,high_intent_abandoner
CUST00298,338.0,1.0,937.4363710274027,0.0,0.0,5,1,1,1,high_intent_abandoner
CUST00299,133.0,6.0,13255.029317552757,1.0,0.16666666666666666,1,3,5,5,loyal_customers
CUST00300,137.0,1.0,1756.2774231948013,0.0,0.0,5,3,1,1,high_intent_abandoner
CUST00301,257.0,3.0,9411.718929208535,2.0,0.0,4,1,2,4,high_intent_abandoner
CUST00302,79.0,4.0,4180.742240421791,3.0,0.0,1,4,3,2,discount_sensitive_customers
CUST00303,32.0,4.0,8093.285045402992,1.0,0.25,5,5,3,4,loyal_customers
CUST00304,45.0,3.0,5763.395957191755,2.0,0.0,3,4,2,3,high_intent_abandoner
CUST00305,208.0,2.0,1742.2326160956227,1.0,0.0,1,2,1,1,dormant_customers
CUST00306,266.0,3.0,5647.470415764061,1.0,0.0,4,1,2,3,high_intent_abandoner
CUST00307,21.0,7.0,12629.572020083395,0.0,0.14285714285714285,2,5,5,5,champions
CUST00308,134.0,5.0,7752.543297787759,0.0,0.4,0,3,4,4,loyal_customers
CUST00309,83.0,3.0,5303.915195976817,0.0,0.0,4,4,2,2,high_intent_abandoner
CUST00310,68.0,4.0,7273.059608400379,2.0,0.0,0,4,3,3,loyal_customers
CUST00311,9.0,8.0,10315.741051127721,2.0,0.125,5,5,5,5,high_value_unhappy
CUST00312,89.0,1.0,3098.0018700334354,1.0,0.0,1,3,1,1,discount_sensitive_customers
CUST00313,24.0,4.0,4775.46039954054,1.0,0.25,3,5,3,2,discount_sensitive_customers
CUST00314,187.0,4.0,9732.091347675158,0.0,0.0,3,2,3,4,at_risk_customers
CUST00315,40.0,3.0,6104.259103880971,1.0,0.0,4,4,2,3,high_intent_abandoner
CUST00316,407.0,1.0,1002.6132818972453,1.0,0.0,1,1,1,1,dormant_customers
CUST00317,98.0,4.0,8245.891316606001,1.0,0.0,1,3,3,4,loyal_customers
CUST00318,345.0,5.0,5752.399007163394,0.0,0.2,0,1,4,3,at_risk_customers
CUST00319,232.0,2.0,1138.1515795035489,0.0,0.0,5,2,1,1,high_intent_abandoner
CUST00320,216.0,4.0,9838.914727379371,0.0,0.25,5,2,3,4,at_risk_customers
CUST00321,85.0,5.0,10463.756618016312,1.0,0.0,1,4,4,5,champions
CUST00322,999.0,0.0,0.0,2.0,0.0,2,1,1,1,dormant_customers
CUST00323,243.0,3.0,6912.896276657628,1.0,0.3333333333333333,3,2,2,3,high_intent_abandoner
CUST00324,26.0,4.0,6093.73977732555,1.0,0.0,5,5,3,3,loyal_customers
CUST00325,486.0,3.0,5186.600639786456,0.0,0.0,2,1,2,2,dormant_customers
CUST00326,26.0,4.0,9539.004896913037,1.0,0.5,5,5,3,4,loyal_customers
CUST00327,253.0,4.0,6267.924066986288,1.0,0.25,2,2,3,3,at_risk_customers
CUST00328,137.0,3.0,2142.7756788122415,1.0,0.0,0,3,2,1,discount_sensitive_customers
CUST00329,89.0,4.0,7312.424973160652,0.0,0.5,1,3,3,3,loyal_customers
CUST00330,13.0,7.0,11144.84308409537,2.0,0.0,0,5,5,5,high_value_unhappy
CUST00331,124.0,3.0,6861.410619668488,1.0,0.0,5,3,2,3,high_intent_abandoner
CUST00332,240.0,3.0,5217.168026725674,0.0,0.0,3,2,2,2,high_intent_abandoner
CUST00333,106.0,5.0,10396.041216695969,0.0,0.2,0,3,4,5,loyal_customers
CUST00334,91.0,1.0,1933.0211735124742,1.0,0.0,5,3,1,1,high_intent_abandoner
CUST00335,307.0,2.0,5119.584185829825,0.0,0.0,2,1,1,2,dormant_customers
CUST00336,234.0,5.0,9914.546256061547,1.0,0.0,0,2,4,4,at_risk_customers
CUST00337,5.0,2.0,3237.0292114884887,0.0,0.0,1,5,1,1,new_customers
CUST00338,170.0,6.0,13848.398957865433,0.0,0.0,0,2,5,5,at_risk_customers
CUST00339,309.0,3.0,5484.637707636362,0.0,0.0,1,1,2,2,dormant_customers
CUST00340,223.0,5.0,9263.482265964152,0.0,0.0,2,2,4,4,at_risk_customers
CUST00341,17.0,6.0,14914.938941397342,0.0,0.16666666666666666,1,5,5,5,champions
CUST00342,86.0,7.0,9139.409785177711,1.0,0.0,1,3,5,4,loyal_customers
CUST00343,273.0,4.0,8497.304935537708,1.0,0.0,5,1,3,4,at_risk_customers
CUST00344,206.0,5.0,7644.806166836001,1.0,0.0,1,2,4,4,at_risk_customers
CUST00345,156.0,3.0,9093.135858887,0.0,0.6666666666666666,5,2,2,4,high_intent_abandoner
CUST00346,380.0,1.0,2449.4459138788948,0.0,0.0,1,1,1,1,dormant_customers
CUST00347,92.0,1.0,2826.238507749156,3.0,0.0,3,3,1,1,high_intent_abandoner
CUST00348,310.0,4.0,6263.816380245563,1.0,0.0,4,1,3,3,at_risk_customers
CUST00349,44.0,4.0,7616.116851333483,1.0,0.0,5,4,3,4,loyal_customers
CUST00350,74.0,2.0,3676.1185469855477,0.0,0.0,3,4,1,2,high_intent_abandoner
CUST00351,189.0,2.0,4136.153329894567,0.0,0.5,0,2,1,2,dormant_customers
CUST00352,256.0,1.0,279.2478632095482,0.0,0.0,3,2,1,1,high_intent_abandoner
CUST00353,316.0,1.0,599.0805165600545,1.0,0.0,3,1,1,1,high_intent_abandoner
CUST00354,52.0,2.0,4254.807612066245,0.0,0.5,1,4,1,2,new_customers
CUST00355,221.0,1.0,1838.16137458002,0.0,0.0,0,2,1,1,dormant_customers
CUST00356,192.0,4.0,8331.656762052793,0.0,0.0,0,2,3,4,at_risk_customers
CUST00357,351.0,4.0,7478.98977740474,0.0,0.0,2,1,3,3,at_risk_customers
CUST00358,143.0,3.0,8783.802519063669,0.0,0.0,1,3,2,4,discount_sensitive_customers
CUST00359,7.0,4.0,6954.534009578117,0.0,0.0,3,5,3,3,loyal_customers
CUST00360,89.0,5.0,10654.421890384967,2.0,0.0,2,3,4,5,high_value_unhappy
CUST00361,232.0,1.0,691.0185202733898,1.0,0.0,2,2,1,1,dormant_customers
CUST00362,134.0,3.0,4426.20112081076,3.0,0.6666666666666666,5,3,2,2,high_intent_abandoner
CUST00363,285.0,6.0,9909.0062523507,0.0,0.16666666666666666,3,1,5,4,at_risk_customers
CUST00364,267.0,3.0,3073.3307816147026,0.0,0.0,0,1,2,1,dormant_customers
CUST00365,7.0,9.0,17025.241859732807,1.0,0.2222222222222222,1,5,5,5,champions
CUST00366,48.0,4.0,8262.182718276454,1.0,0.25,1,4,3,4,loyal_customers
CUST00367,316.0,4.0,6510.909562815013,0.0,0.5,3,1,3,3,at_risk_customers
CUST00368,588.0,1.0,3245.7793280638616,0.0,0.0,1,1,1,1,dormant_customers
CUST00369,100.0,3.0,4778.346317976392,2.0,0.0,4,3,2,2,high_intent_abandoner
CUST00370,54.0,3.0,6788.689781787292,2.0,0.6666666666666666,2,4,2,3,new_customers
CUST00371,28.0,6.0,9963.447970919977,1.0,0.0,2,5,5,4,champions
CUST00372,127.0,3.0,5731.581137098969,2.0,0.0,4,3,2,3,high_intent_abandoner
CUST00373,70.0,5.0,7871.081791871401,0.0,0.2,1,4,4,4,champions
CUST00374,243.0,2.0,4607.759009674867,1.0,0.5,0,2,1,2,dormant_customers
CUST00375,6.0,5.0,8175.456818817651,0.0,0.0,5,5,4,4,champions
CUST00376,113.0,7.0,11616.745595268767,3.0,0.42857142857142855,4,3,5,5,high_value_unhappy
CUST00377,139.0,3.0,6301.772384095479,1.0,0.0,4,3,2,3,high_intent_abandoner
CUST00378,122.0,3.0,6806.318027721021,1.0,0.6666666666666666,2,3,2,3,discount_sensitive_customers
CUST00379,120.0,5.0,11166.680833574934,0.0,0.0,0,3,4,5,loyal_customers
CUST00380,280.0,1.0,2767.6352294484172,1.0,0.0,0,1,1,1,dormant_customers
CUST00381,145.0,6.0,13755.450561651507,1.0,0.3333333333333333,1,3,5,5,loyal_customers
CUST00382,8.0,4.0,8620.741595482472,0.0,0.0,0,5,3,4,loyal_customers
CUST00383,69.0,6.0,14815.393936362192,0.0,0.16666666666666666,1,4,5,5,champions
CUST00384,30.0,6.0,7039.47499747993,1.0,0.16666666666666666,3,5,5,3,loyal_customers
CUST00385,13.0,3.0,4566.448952024684,1.0,0.0,4,5,2,2,high_intent_abandoner
CUST00386,1.0,1.0,1852.2362402135816,1.0,0.0,5,5,1,1,high_intent_abandoner
CUST00387,25.0,12.0,27428.130327131472,3.0,0.08333333333333333,5,5,5,5,high_value_unhappy
CUST00388,172.0,3.0,5819.3304006634335,0.0,0.3333333333333333,4,2,2,3,high_intent_abandoner
CUST00389,201.0,2.0,1623.3873885605055,1.0,0.0,1,2,1,1,dormant_customers
CUST00390,146.0,6.0,9370.881914496356,1.0,0.16666666666666666,1,3,5,4,loyal_customers
CUST00391,39.0,3.0,6949.862690416574,0.0,0.0,1,4,2,3,new_customers
CUST00392,28.0,5.0,5612.942436283427,1.0,0.6,4,5,4,3,loyal_customers
CUST00393,185.0,6.0,8411.368283161084,3.0,0.0,1,2,5,4,high_value_unhappy
CUST00394,195.0,1.0,1738.690677383199,0.0,0.0,4,2,1,1,high_intent_abandoner
CUST00395,113.0,4.0,8173.328239141978,0.0,0.5,5,3,3,4,loyal_customers
CUST00396,58.0,8.0,12604.122319681976,0.0,0.25,4,4,5,5,champions
CUST00397,212.0,3.0,2749.9230323874704,2.0,0.0,5,2,2,1,high_intent_abandoner
CUST00398,167.0,8.0,10107.243252324502,1.0,0.125,2,2,5,4,at_risk_customers
CUST00399,113.0,4.0,5266.445641276705,0.0,0.5,5,3,3,2,discount_sensitive_customers
CUST00400,152.0,2.0,4406.975800978929,1.0,0.0,2,2,1,2,dormant_customers
CUST00401,133.0,6.0,10993.731560903088,2.0,0.3333333333333333,3,3,5,5,high_value_unhappy
CUST00402,32.0,4.0,8863.42395463762,3.0,0.0,3,5,3,4,high_value_unhappy
CUST00403,37.0,4.0,9215.954037464848,1.0,0.0,5,4,3,4,loyal_customers
CUST00404,43.0,4.0,6385.4159536183615,0.0,0.0,0,4,3,3,loyal_customers
CUST00405,14.0,7.0,14832.608511770548,2.0,0.2857142857142857,1,5,5,5,high_value_unhappy
CUST00406,254.0,5.0,9118.003925079336,0.0,0.0,5,2,4,4,at_risk_customers
CUST00407,18.0,4.0,6760.606760838802,0.0,0.0,5,5,3,3,loyal_customers
CUST00408,483.0,3.0,3676.863489676003,3.0,0.3333333333333333,4,1,2,2,high_intent_abandoner
CUST00409,439.0,1.0,2548.3051953164754,0.0,0.0,0,1,1,1,dormant_customers
CUST00410,121.0,3.0,3894.1106191512185,1.0,0.0,2,3,2,2,discount_sensitive_customers
CUST00411,580.0,1.0,2220.9455874238347,0.0,0.0,4,1,1,1,high_intent_abandoner
CUST00412,147.0,3.0,5624.037022656128,1.0,0.0,5,3,2,3,high_intent_abandoner
CUST00413,41.0,5.0,6920.405080866634,1.0,0.2,0,4,4,3,loyal_customers
CUST00414,261.0,2.0,2351.6522152679477,0.0,0.5,5,1,1,1,high_intent_abandoner
CUST00415,52.0,3.0,5549.6462366322885,0.0,0.3333333333333333,2,4,2,3,new_customers
CUST00416,15.0,4.0,7418.76799900305,1.0,0.25,3,5,3,3,loyal_customers
CUST00417,134.0,4.0,5070.528076161888,0.0,0.0,1,3,3,2,discount_sensitive_customers
CUST00418,63.0,4.0,9063.354050505099,0.0,0.0,1,4,3,4,loyal_customers
CUST00419,12.0,3.0,4007.3676094130715,1.0,1.0,0,5,2,2,new_customers
CUST00420,12.0,7.0,9317.483618596812,1.0,0.14285714285714285,2,5,5,4,champions
CUST00421,123.0,5.0,9151.579685379109,1.0,0.0,0,3,4,4,loyal_customers
CUST00422,88.0,7.0,11972.973822641863,1.0,0.0,2,3,5,5,loyal_customers
CUST00423,273.0,2.0,3022.34467924995,1.0,0.0,2,1,1,1,dormant_customers
CUST00424,10.0,2.0,3572.029461875872,0.0,0.0,1,5,1,2,new_customers
CUST00425,146.0,4.0,7110.398742060331,0.0,0.25,3,3,3,3,loyal_customers
CUST00426,370.0,4.0,5436.454466928954,1.0,0.25,3,1,3,2,discount_sensitive_customers
CUST00427,171.0,6.0,8556.092998803344,1.0,0.0,4,2,5,4,at_risk_customers
CUST00428,164.0,3.0,6215.672480224373,1.0,0.0,2,2,2,3,dormant_customers
CUST00429,59.0,8.0,11037.890533143729,1.0,0.0,1,4,5,5,champions
CUST00430,207.0,1.0,1604.7086584074534,1.0,1.0,2,2,1,1,dormant_customers
CUST00431,88.0,2.0,3613.679960554007,1.0,0.0,5,3,1,2,high_intent_abandoner
CUST00432,38.0,4.0,10437.720756614055,0.0,0.25,4,4,3,5,loyal_customers
CUST00433,360.0,5.0,9146.659022998452,1.0,0.2,5,1,4,4,at_risk_customers
CUST00434,41.0,8.0,12751.04702046341,0.0,0.125,1,4,5,5,champions
CUST00435,141.0,4.0,6833.365459955154,0.0,0.0,2,3,3,3,loyal_customers
CUST00436,254.0,3.0,6789.215367889652,0.0,0.3333333333333333,3,2,2,3,high_intent_abandoner
CUST00437,290.0,2.0,3981.785258096499,1.0,0.0,3,1,1,2,high_intent_abandoner
CUST00438,74.0,4.0,6188.747096278623,0.0,0.0,4,4,3,3,loyal_customers
CUST00439,27.0,4.0,5860.694637556063,1.0,0.0,5,5,3,3,loyal_customers
CUST00440,281.0,2.0,2553.5672512364126,1.0,0.0,3,1,1,1,high_intent_abandoner
CUST00441,251.0,3.0,5586.115670485168,1.0,0.0,2,2,2,3,dormant_customers
CUST00442,103.0,7.0,9747.087428021354,1.0,0.14285714285714285,4,3,5,4,loyal_customers
CUST00443,250.0,8.0,15007.150234287705,2.0,0.0,5,2,5,5,high_value_unhappy
CUST00444,141.0,3.0,8055.320547612149,0.0,0.0,0,3,2,4,discount_sensitive_customers
CUST00445,33.0,5.0,10462.508490928256,0.0,0.2,4,5,4,5,champions
CUST00446,234.0,3.0,5285.954576683878,0.0,0.0,3,2,2,2,high_intent_abandoner
CUST00447,13.0,8.0,8216.749886519758,0.0,0.0,1,5,5,4,champions
CUST00448,3.0,2.0,3804.4142973736834,0.0,0.5,4,5,1,2,high_intent_abandoner
CUST00449,22.0,3.0,4278.551655973653,1.0,0.0,2,5,2,2,new_customers
CUST00450,147.0,2.0,6051.039668682113,2.0,0.0,5,3,1,3,high_intent_abandoner
CUST00451,266.0,2.0,4293.9502800606015,0.0,0.0,4,1,1,2,high_intent_abandoner
CUST00452,119.0,4.0,5884.887344704372,1.0,0.0,3,3,3,3,loyal_customers
CUST00453,20.0,6.0,13780.843958087968,2.0,0.16666666666666666,4,5,5,5,high_value_unhappy
CUST00454,216.0,3.0,6873.737746771247,1.0,0.3333333333333333,2,2,2,3,dormant_customers
CUST00455,90.0,6.0,8908.548985690168,0.0,0.0,2,3,5,4,loyal_customers
CUST00456,171.0,5.0,9482.472396367368,1.0,0.0,3,2,4,4,at_risk_customers
CUST00457,153.0,5.0,9221.295916411913,2.0,0.2,2,2,4,4,high_value_unhappy
CUST00458,999.0,0.0,0.0,4.0,0.0,3,1,1,1,high_intent_abandoner
CUST00459,148.0,4.0,10750.08974739618,1.0,0.5,4,2,3,5,at_risk_customers
CUST00460,246.0,5.0,8350.088152274986,1.0,0.2,4,2,4,4,at_risk_customers
CUST00461,94.0,6.0,7841.950902717508,0.0,0.0,0,3,5,4,loyal_customers
CUST00462,239.0,1.0,2777.727849925053,1.0,0.0,3,2,1,1,high_intent_abandoner
CUST00463,219.0,3.0,5128.016271508531,1.0,0.0,1,2,2,2,dormant_customers
CUST00464,235.0,6.0,8902.544318747463,1.0,0.16666666666666666,3,2,5,4,at_risk_customers
CUST00465,117.0,4.0,6997.522681210744,0.0,0.0,4,3,3,3,loyal_customers
CUST00466,999.0,0.0,0.0,2.0,0.0,5,1,1,1,high_intent_abandoner
CUST00467,156.0,2.0,1971.2330511910272,0.0,0.0,4,2,1,1,high_intent_abandoner
CUST00468,2.0,6.0,9462.724598433188,2.0,0.3333333333333333,2,5,5,4,high_value_unhappy
CUST00469,495.0,1.0,1493.3942208502997,1.0,0.0,0,1,1,1,dormant_customers
CUST00470,100.0,4.0,5180.946019685361,0.0,0.25,1,3,3,2,discount_sensitive_customers
CUST00471,39.0,7.0,10601.610411628111,1.0,0.14285714285714285,0,4,5,5,champions
CUST00472,140.0,6.0,8313.21182025576,0.0,0.16666666666666666,3,3,5,4,loyal_customers
CUST00473,167.0,3.0,3661.95910002969,0.0,0.0,5,2,2,2,high_intent_abandoner
CUST00474,91.0,2.0,3853.047769268899,1.0,0.0,3,3,1,2,high_intent_abandoner
CUST00475,142.0,5.0,10727.285707948315,1.0,0.2,4,3,4,5,loyal_customers
CUST00476,4.0,6.0,13838.850828692115,0.0,0.16666666666666666,2,5,5,5,champions
CUST00477,140.0,3.0,7697.924412676904,0.0,0.0,1,3,2,4,discount_sensitive_customers
CUST00478,63.0,5.0,8095.119476051897,1.0,0.6,5,4,4,4,champions
CUST00479,376.0,3.0,5343.063879591873,1.0,0.3333333333333333,2,1,2,2,dormant_customers
CUST00480,143.0,3.0,3006.4130830677123,1.0,0.0,1,3,2,1,discount_sensitive_customers
CUST00481,148.0,5.0,10582.77646197293,1.0,0.0,5,2,4,5,at_risk_customers
CUST00482,37.0,3.0,4202.715754012173,2.0,0.0,0,4,2,2,new_customers
CUST00483,51.0,4.0,5262.738235616447,1.0,0.0,4,4,3,2,discount_sensitive_customers
CUST00484,429.0,3.0,3041.043813860214,0.0,0.0,2,1,2,1,dormant_customers
CUST00485,295.0,4.0,7855.460911087668,0.0,0.25,3,1,3,4,at_risk_customers
CUST00486,32.0,4.0,6188.466010086193,0.0,0.25,4,5,3,3,loyal_customers
CUST00487,3.0,1.0,2369.8906361627405,1.0,0.0,1,5,1,1,new_customers
CUST00488,26.0,3.0,6130.214949779452,0.0,0.3333333333333333,5,5,2,3,high_intent_abandoner
CUST00489,133.0,5.0,10130.032793594393,1.0,0.2,4,3,4,4,loyal_customers
CUST00490,222.0,6.0,11010.646498783482,0.0,0.0,3,2,5,5,at_risk_customers
CUST00491,149.0,4.0,6075.100243772766,0.0,0.0,3,2,3,3,at_risk_customers
CUST00492,6.0,4.0,5607.283071715885,3.0,0.0,1,5,3,3,loyal_customers
CUST00493,48.0,6.0,11220.528860452878,1.0,0.3333333333333333,4,4,5,5,champions
CUST00494,87.0,6.0,8038.141862084222,0.0,0.0,2,3,5,4,loyal_customers
CUST00495,189.0,5.0,9767.921016014268,0.0,0.0,4,2,4,4,at_risk_customers
CUST00496,8.0,4.0,10839.232047292568,3.0,0.25,3,5,3,5,high_value_unhappy
CUST00497,129.0,4.0,7132.607626822419,0.0,0.0,5,3,3,3,loyal_customers
CUST00498,307.0,2.0,3495.462259599277,1.0,0.0,1,1,1,1,dormant_customers
CUST00499,76.0,5.0,7251.029980331119,3.0,0.0,0,4,4,3,loyal_customers
CUST00500,11.0,3.0,2964.036031372746,3.0,0.3333333333333333,0,5,2,1,new_customers
CUST00501,257.0,2.0,1840.967330906253,0.0,0.5,5,1,1,1,high_intent_abandoner
CUST00502,93.0,3.0,6010.890806586905,2.0,0.6666666666666666,4,3,2,3,high_intent_abandoner
CUST00503,83.0,6.0,12183.604187515353,2.0,0.3333333333333333,3,4,5,5,high_value_unhappy
CUST00504,298.0,2.0,1626.6889540446978,1.0,0.0,4,1,1,1,high_intent_abandoner
CUST00505,131.0,4.0,7914.599847151219,3.0,0.0,1,3,3,4,high_value_unhappy
CUST00506,338.0,3.0,7777.166302873787,0.0,0.0,2,1,2,4,dormant_customers
CUST00507,135.0,1.0,2914.8216029163423,0.0,0.0,0,3,1,1,discount_sensitive_customers
CUST00508,74.0,5.0,6899.294621934972,3.0,0.4,4,4,4,3,loyal_customers
CUST00509,357.0,1.0,2646.1688563359135,1.0,0.0,3,1,1,1,high_intent_abandoner
CUST00510,278.0,4.0,6703.925243998134,2.0,0.0,5,1,3,3,at_risk_customers
CUST00511,518.0,2.0,4539.542739378581,1.0,0.0,0,1,1,2,dormant_customers
CUST00512,303.0,2.0,5466.26638937578,3.0,0.0,0,1,1,2,dormant_customers
CUST00513,165.0,3.0,8656.804788565454,0.0,0.0,2,2,2,4,dormant_customers
CUST00514,25.0,3.0,8136.870388829046,0.0,0.3333333333333333,4,5,2,4,high_intent_abandoner
CUST00515,164.0,4.0,6496.4093622609425,0.0,0.0,2,2,3,3,at_risk_customers
CUST00516,42.0,6.0,10143.197267255753,1.0,0.16666666666666666,3,4,5,4,champions
CUST00517,17.0,5.0,6353.8236704806095,2.0,0.0,3,5,4,3,loyal_customers
CUST00518,36.0,4.0,8554.498511738395,0.0,0.0,4,4,3,4,loyal_customers
CUST00519,999.0,0.0,0.0,0.0,0.0,0,1,1,1,dormant_customers
CUST00520,70.0,7.0,9572.540737050922,1.0,0.0,1,4,5,4,champions
CUST00521,98.0,8.0,12982.204634816475,1.0,0.25,2,3,5,5,loyal_customers
CUST00522,11.0,3.0,4571.470596263322,0.0,0.0,0,5,2,2,new_customers
CUST00523,82.0,3.0,2587.673183265957,1.0,0.6666666666666666,5,4,2,1,high_intent_abandoner
CUST00524,309.0,3.0,5084.359730308932,1.0,0.0,3,1,2,2,high_intent_abandoner
CUST00525,107.0,4.0,10175.736644556433,0.0,0.0,3,3,3,4,loyal_customers
CUST00526,65.0,3.0,3542.3226474172297,1.0,0.6666666666666666,0,4,2,2,new_customers
CUST00527,22.0,4.0,4639.4180783116435,1.0,0.0,0,5,3,2,discount_sensitive_customers
CUST00528,109.0,5.0,8855.914316707996,0.0,0.4,5,3,4,4,loyal_customers
CUST00529,95.0,6.0,8142.551377136113,3.0,0.0,3,3,5,4,high_value_unhappy
CUST00530,3.0,4.0,8956.100977285132,0.0,0.25,2,5,3,4,loyal_customers
CUST00531,125.0,2.0,2356.009088192846,0.0,0.0,2,3,1,1,discount_sensitive_customers
CUST00532,56.0,4.0,6651.360412054292,0.0,0.0,0,4,3,3,loyal_customers
CUST00533,264.0,4.0,6799.327445774091,1.0,0.0,4,1,3,3,at_risk_customers
CUST00534,999.0,0.0,0.0,2.0,0.0,3,1,1,1,high_intent_abandoner
CUST00535,252.0,2.0,3569.5056208962797,1.0,0.0,1,2,1,2,dormant_customers
CUST00536,33.0,3.0,7902.188931156468,0.0,0.3333333333333333,3,5,2,4,high_intent_abandoner
CUST00537,287.0,5.0,9352.230051080744,0.0,0.4,2,1,4,4,at_risk_customers
CUST00538,156.0,4.0,6667.396329340196,0.0,0.0,2,2,3,3,at_risk_customers
CUST00539,610.0,1.0,482.3762948725838,1.0,0.0,1,1,1,1,dormant_customers
CUST00540,13.0,4.0,8630.260672605405,2.0,0.0,2,5,3,4,high_value_unhappy
CUST00541,28.0,5.0,7326.7929357442645,1.0,0.0,1,5,4,3,loyal_customers
CUST00542,59.0,8.0,10558.790517039033,0.0,0.125,2,4,5,5,champions
CUST00543,32.0,1.0,2806.0645210790453,0.0,0.0,5,5,1,1,high_intent_abandoner
CUST00544,999.0,0.0,0.0,1.0,0.0,1,1,1,1,dormant_customers
CUST00545,145.0,4.0,5691.911367088724,0.0,0.25,4,3,3,3,loyal_customers
CUST00546,26.0,9.0,19416.343128710796,0.0,0.2222222222222222,3,5,5,5,champions
CUST00547,201.0,7.0,13609.2968224311,0.0,0.14285714285714285,2,2,5,5,at_risk_customers
CUST00548,267.0,2.0,3415.043835503582,1.0,0.5,0,1,1,1,dormant_customers
CUST00549,3.0,4.0,6006.169527361404,0.0,0.0,1,5,3,3,loyal_customers
CUST00550,144.0,3.0,6017.734308552399,0.0,0.0,1,3,2,3,discount_sensitive_customers
CUST00551,0.0,3.0,5978.102367151405,2.0,0.0,1,5,2,3,new_customers
CUST00552,11.0,5.0,11578.827434039351,0.0,0.4,2,5,4,5,champions
CUST00553,110.0,6.0,11508.456949310532,2.0,0.16666666666666666,3,3,5,5,high_value_unhappy
CUST00554,398.0,2.0,2383.0808740620178,2.0,0.0,0,1,1,1,dormant_customers
CUST00555,3.0,2.0,5594.95153500104,1.0,0.0,1,5,1,3,new_customers
CUST00556,166.0,5.0,9140.1163279672,2.0,0.0,1,2,4,4,high_value_unhappy
CUST00557,316.0,6.0,10428.329473135112,1.0,0.16666666666666666,1,1,5,5,at_risk_customers
CUST00558,66.0,3.0,8201.214343065225,0.0,0.6666666666666666,5,4,2,4,high_intent_abandoner
CUST00559,157.0,4.0,5306.28438755507,2.0,0.25,1,2,3,2,discount_sensitive_customers
CUST00560,23.0,7.0,8135.798612300838,1.0,0.14285714285714285,0,5,5,4,champions
CUST00561,314.0,7.0,13425.741544120534,0.0,0.0,1,1,5,5,at_risk_customers
CUST00562,146.0,2.0,4857.55879619068,0.0,0.0,5,3,1,2,high_intent_abandoner
CUST00563,16.0,6.0,11684.299281762713,3.0,0.0,0,5,5,5,high_value_unhappy
CUST00564,16.0,4.0,9967.418382061884,0.0,0.0,0,5,3,4,loyal_customers
CUST00565,58.0,3.0,4868.7178097158185,0.0,0.0,1,4,2,2,new_customers
CUST00566,179.0,3.0,9061.272728705404,0.0,0.0,4,2,2,4,high_intent_abandoner
CUST00567,132.0,5.0,8620.027014880388,1.0,0.0,0,3,4,4,loyal_customers
CUST00568,26.0,4.0,7445.19225594515,0.0,0.0,4,5,3,3,loyal_customers
CUST00569,26.0,4.0,8510.190534326111,1.0,0.0,0,5,3,4,loyal_customers
CUST00570,130.0,4.0,8660.448636014735,1.0,0.0,5,3,3,4,loyal_customers
CUST00571,276.0,2.0,3024.0722173154127,2.0,0.0,2,1,1,1,dormant_customers
CUST00572,81.0,3.0,8735.33910390723,1.0,0.0,1,4,2,4,new_customers
CUST00573,222.0,5.0,4713.373298801877,1.0,0.2,2,2,4,2,discount_sensitive_customers
CUST00574,31.0,4.0,9218.407505632003,0.0,0.0,0,5,3,4,loyal_customers
CUST00575,46.0,10.0,18271.13946974836,0.0,0.1,2,4,5,5,champions
CUST00576,4.0,2.0,5366.491110732224,1.0,0.0,1,5,1,2,new_customers
CUST00577,150.0,1.0,3003.119416707177,1.0,0.0,1,2,1,1,dormant_customers
CUST00578,208.0,3.0,2838.3556432472024,1.0,0.0,0,2,2,1,dormant_customers
CUST00579,258.0,4.0,8332.438176410844,0.0,0.0,0,1,3,4,at_risk_customers
CUST00580,12.0,6.0,14759.29200607805,0.0,0.0,4,5,5,5,champions
CUST00581,9.0,4.0,3383.549048304696,2.0,0.0,3,5,3,1,discount_sensitive_customers
CUST00582,23.0,7.0,12344.11374287938,0.0,0.14285714285714285,2,5,5,5,champions
CUST00583,279.0,3.0,7075.1947910351855,0.0,0.0,4,1,2,3,high_intent_abandoner
CUST00584,164.0,4.0,7012.378058350228,0.0,0.25,2,2,3,3,at_risk_customers
CUST00585,262.0,3.0,3150.066707210436,1.0,0.3333333333333333,1,1,2,1,dormant_customers
CUST00586,11.0,5.0,10537.27442171577,1.0,0.2,0,5,4,5,champions
CUST00587,172.0,1.0,1988.57470905055,3.0,0.0,2,2,1,1,dormant_customers
CUST00588,59.0,6.0,8979.257163827291,0.0,0.3333333333333333,3,4,5,4,champions
CUST00589,23.0,5.0,9332.705504758125,0.0,0.2,1,5,4,4,champions
CUST00590,165.0,1.0,1075.6445207949882,0.0,0.0,5,2,1,1,high_intent_abandoner
CUST00591,207.0,3.0,3947.7864250459525,0.0,0.0,1,2,2,2,dormant_customers
CUST00592,89.0,6.0,12106.646769247684,1.0,0.0,4,3,5,5,loyal_customers
CUST00593,159.0,3.0,5441.496615721984,0.0,0.0,3,2,2,2,high_intent_abandoner
CUST00594,34.0,7.0,18920.373295225825,1.0,0.14285714285714285,1,5,5,5,champions
CUST00595,4.0,3.0,4144.080341144608,0.0,0.0,3,5,2,2,high_intent_abandoner
CUST00596,3.0,7.0,12641.045701760793,0.0,0.0,0,5,5,5,champions
CUST00597,246.0,5.0,10963.913603371782,1.0,0.0,5,2,4,5,at_risk_customers
CUST00598,104.0,5.0,7469.857491558241,0.0,0.0,3,3,4,3,loyal_customers
CUST00599,39.0,4.0,6002.303013185632,1.0,0.25,4,4,3,3,loyal_customers
CUST00600,106.0,3.0,4250.062311361778,1.0,0.6666666666666666,4,3,2,2,high_intent_abandoner
CUST00601,9.0,7.0,10461.700240674567,2.0,0.2857142857142857,2,5,5,5,high_value_unhappy
CUST00602,217.0,4.0,9275.311808449895,3.0,0.25,5,2,3,4,high_value_unhappy
CUST00603,203.0,2.0,3170.7502827024705,0.0,0.5,0,2,1,1,dormant_customers
CUST00604,7.0,6.0,7322.88439051063,1.0,0.16666666666666666,0,5,5,3,loyal_customers
CUST00605,604.0,1.0,823.8667387527158,0.0,0.0,3,1,1,1,high_intent_abandoner
CUST00606,0.0,3.0,7100.5461282657425,0.0,0.0,4,5,2,3,high_intent_abandoner
CUST00607,419.0,3.0,7170.216311037501,1.0,0.0,4,1,2,3,high_intent_abandoner
CUST00608,369.0,6.0,14166.191244507121,1.0,0.16666666666666666,4,1,5,5,at_risk_customers
CUST00609,322.0,3.0,6505.043994737612,1.0,0.6666666666666666,0,1,2,3,dormant_customers
CUST00610,128.0,2.0,3643.2311195789957,1.0,0.0,4,3,1,2,high_intent_abandoner
CUST00611,171.0,3.0,6061.823778919231,1.0,0.0,2,2,2,3,dormant_customers
CUST00612,481.0,1.0,1984.2317484398823,0.0,0.0,1,1,1,1,dormant_customers
CUST00613,268.0,2.0,4414.233474458517,0.0,0.5,4,1,1,2,high_intent_abandoner
CUST00614,138.0,2.0,5311.710572329859,2.0,0.0,2,3,1,2,discount_sensitive_customers
CUST00615,59.0,5.0,11015.649992716753,1.0,0.0,2,4,4,5,champions
CUST00616,7.0,8.0,20942.34905969641,0.0,0.25,1,5,5,5,champions
CUST00617,31.0,5.0,11866.682726356103,0.0,0.0,0,5,4,5,champions
CUST00618,142.0,5.0,8987.172152590862,2.0,0.0,4,3,4,4,high_value_unhappy
CUST00619,214.0,3.0,5231.428247451215,0.0,0.0,5,2,2,2,high_intent_abandoner
CUST00620,349.0,3.0,5793.779566081952,0.0,0.6666666666666666,2,1,2,3,dormant_customers
CUST00621,401.0,1.0,2842.6669546674484,1.0,0.0,2,1,1,1,dormant_customers
CUST00622,241.0,3.0,7292.683715836234,0.0,0.0,1,2,2,3,dormant_customers
CUST00623,7.0,3.0,6266.333429354763,1.0,0.0,5,5,2,3,high_intent_abandoner
CUST00624,209.0,6.0,16143.31357106274,1.0,0.0,2,2,5,5,at_risk_customers
CUST00625,999.0,0.0,0.0,0.0,0.0,4,1,1,1,high_intent_abandoner
CUST00626,429.0,3.0,6257.13587384753,1.0,0.0,0,1,2,3,dormant_customers
CUST00627,139.0,3.0,6418.860431028134,0.0,0.0,2,3,2,3,discount_sensitive_customers
CUST00628,121.0,4.0,8385.950525791113,0.0,0.25,0,3,3,4,loyal_customers
CUST00629,134.0,5.0,12863.531065082145,1.0,0.2,2,3,4,5,loyal_customers
CUST00630,21.0,5.0,7813.797757195191,0.0,0.0,2,5,4,4,champions
CUST00631,84.0,3.0,5708.197718527606,1.0,0.0,4,4,2,3,high_intent_abandoner
CUST00632,266.0,4.0,5521.893616599542,0.0,0.0,0,1,3,2,discount_sensitive_customers
CUST00633,70.0,3.0,5369.938782917487,1.0,0.3333333333333333,5,4,2,2,high_intent_abandoner
CUST00634,57.0,4.0,7744.885657426155,0.0,0.0,3,4,3,4,loyal_customers
CUST00635,24.0,4.0,5146.395896290886,0.0,0.25,4,5,3,2,discount_sensitive_customers
CUST00636,147.0,1.0,387.7545207377262,1.0,0.0,0,3,1,1,discount_sensitive_customers
CUST00637,38.0,7.0,11980.0959151229,0.0,0.14285714285714285,0,4,5,5,champions
CUST00638,135.0,3.0,5501.443410687722,1.0,0.0,0,3,2,2,discount_sensitive_customers
CUST00639,109.0,3.0,7137.8004314197,0.0,0.0,3,3,2,3,high_intent_abandoner
CUST00640,52.0,5.0,8651.886843086022,2.0,0.2,4,4,4,4,high_value_unhappy
CUST00641,0.0,4.0,8037.704182658524,1.0,0.0,3,5,3,4,loyal_customers
CUST00642,111.0,3.0,9161.384521933327,0.0,0.3333333333333333,2,3,2,4,discount_sensitive_customers
CUST00643,472.0,2.0,3835.6119573089327,1.0,0.0,1,1,1,2,dormant_customers
CUST00644,77.0,5.0,5336.724220071658,0.0,0.0,3,4,4,2,discount_sensitive_customers
CUST00645,377.0,1.0,2723.0790194668416,0.0,0.0,2,1,1,1,dormant_customers
CUST00646,19.0,7.0,13347.540020081418,1.0,0.14285714285714285,3,5,5,5,champions
CUST00647,167.0,4.0,9077.305723043217,0.0,0.0,0,2,3,4,at_risk_customers
CUST00648,58.0,1.0,1901.268175174503,1.0,1.0,1,4,1,1,new_customers
CUST00649,414.0,5.0,7031.147588061967,0.0,0.0,1,1,4,3,at_risk_customers
CUST00650,130.0,4.0,10435.184915522741,0.0,0.0,5,3,3,5,loyal_customers
CUST00651,139.0,4.0,5901.755510647272,1.0,0.25,2,3,3,3,loyal_customers
CUST00652,380.0,2.0,3635.510603042814,1.0,0.5,5,1,1,2,high_intent_abandoner
CUST00653,13.0,4.0,8454.986658177117,0.0,0.5,3,5,3,4,loyal_customers
CUST00654,125.0,3.0,5426.445065583686,1.0,0.0,3,3,2,2,high_intent_abandoner
CUST00655,190.0,4.0,9012.580836731919,1.0,0.25,3,2,3,4,at_risk_customers
CUST00656,495.0,2.0,3535.186167778039,0.0,0.0,2,1,1,2,dormant_customers
CUST00657,201.0,8.0,8566.088170411378,2.0,0.0,3,2,5,4,high_value_unhappy
CUST00658,26.0,3.0,8212.11188720122,0.0,0.0,1,5,2,4,new_customers
CUST00659,13.0,5.0,10864.621277585058,2.0,0.0,1,5,4,5,high_value_unhappy
CUST00660,206.0,3.0,7057.0425676808845,0.0,0.3333333333333333,4,2,2,3,high_intent_abandoner
CUST00661,83.0,3.0,5454.084610688515,1.0,0.3333333333333333,3,4,2,2,high_intent_abandoner
CUST00662,5.0,10.0,16219.266345314407,1.0,0.0,3,5,5,5,champions
CUST00663,79.0,4.0,3388.8570260590486,1.0,0.0,5,4,3,1,discount_sensitive_customers
CUST00664,320.0,5.0,6685.204185384807,0.0,0.0,1,1,4,3,at_risk_customers
CUST00665,83.0,5.0,7642.0982018633185,0.0,0.0,1,4,4,4,champions
CUST00666,243.0,4.0,7655.629298765166,1.0,0.0,0,2,3,4,at_risk_customers
CUST00667,264.0,4.0,5846.7764048085655,0.0,0.25,0,1,3,3,at_risk_customers
CUST00668,32.0,8.0,12079.909562267985,1.0,0.25,4,5,5,5,champions
CUST00669,31.0,2.0,3232.7175615590845,2.0,0.5,1,5,1,1,new_customers
CUST00670,195.0,5.0,7665.650300815926,0.0,0.2,4,2,4,4,at_risk_customers
CUST00671,259.0,2.0,1501.7207172055935,2.0,0.0,3,1,1,1,high_intent_abandoner
CUST00672,32.0,5.0,5659.430593829182,1.0,0.0,3,5,4,3,loyal_customers
CUST00673,85.0,6.0,9132.700859526367,1.0,0.16666666666666666,1,4,5,4,champions
CUST00674,5.0,6.0,16103.814142277537,1.0,0.16666666666666666,2,5,5,5,champions
CUST00675,64.0,3.0,6439.532982027924,1.0,0.3333333333333333,4,4,2,3,high_intent_abandoner
CUST00676,76.0,4.0,4310.594444952166,0.0,0.25,2,4,3,2,discount_sensitive_customers
CUST00677,999.0,0.0,0.0,3.0,0.0,3,1,1,1,high_intent_abandoner
CUST00678,127.0,3.0,9963.818161586176,1.0,0.0,5,3,2,4,high_intent_abandoner
CUST00679,2.0,3.0,6593.4163857355725,2.0,0.0,4,5,2,3,high_intent_abandoner
CUST00680,115.0,4.0,5430.010914308289,0.0,0.0,3,3,3,2,discount_sensitive_customers
CUST00681,19.0,6.0,10756.121852447823,0.0,0.16666666666666666,0,5,5,5,champions
CUST00682,137.0,5.0,7763.7908539796745,1.0,0.6,1,3,4,4,loyal_customers
CUST00683,258.0,1.0,1532.8936681669416,3.0,0.0,0,1,1,1,dormant_customers
CUST00684,562.0,1.0,2922.3793482425467,0.0,0.0,4,1,1,1,high_intent_abandoner
CUST00685,57.0,9.0,15651.729839018462,1.0,0.1111111111111111,0,4,5,5,champions
CUST00686,10.0,3.0,5213.952680712279,0.0,0.0,5,5,2,2,high_intent_abandoner
CUST00687,10.0,4.0,3964.531461655888,1.0,0.25,4,5,3,2,discount_sensitive_customers
CUST00688,38.0,8.0,15443.124550695893,1.0,0.0,2,4,5,5,champions
CUST00689,105.0,8.0,14707.077545334167,3.0,0.25,1,3,5,5,high_value_unhappy
CUST00690,28.0,6.0,5686.342280561394,2.0,0.16666666666666666,2,5,5,3,loyal_customers
CUST00691,29.0,3.0,4788.164078467467,1.0,0.0,5,5,2,2,high_intent_abandoner
CUST00692,25.0,2.0,4054.5862640202195,1.0,0.0,3,5,1,2,high_intent_abandoner
CUST00693,253.0,2.0,4685.281519270664,0.0,0.5,1,2,1,2,dormant_customers
CUST00694,496.0,1.0,2053.6433220597755,2.0,0.0,0,1,1,1,dormant_customers
CUST00695,497.0,4.0,7931.04408472638,0.0,0.0,4,1,3,4,at_risk_customers
CUST00696,463.0,1.0,1305.2054706244248,1.0,0.0,1,1,1,1,dormant_customers
CUST00697,87.0,2.0,6405.995490644264,0.0,0.0,3,3,1,3,high_intent_abandoner
CUST00698,273.0,3.0,3450.699627577331,0.0,0.0,2,1,2,1,dormant_customers
CUST00699,16.0,4.0,8964.92552501346,1.0,0.25,3,5,3,4,loyal_customers
CUST00700,44.0,8.0,12122.017556035118,1.0,0.125,0,4,5,5,champions
CUST00701,91.0,3.0,4602.73659555323,1.0,0.0,4,3,2,2,high_intent_abandoner
CUST00702,155.0,4.0,9897.470807806882,0.0,0.0,4,2,3,4,at_risk_customers
CUST00703,19.0,4.0,11025.970588364467,0.0,0.25,0,5,3,5,loyal_customers
CUST00704,76.0,8.0,15163.32500828536,0.0,0.125,4,4,5,5,champions
CUST00705,238.0,2.0,2625.677343230131,1.0,0.5,1,2,1,1,dormant_customers
CUST00706,36.0,3.0,4864.354212238134,1.0,0.0,1,4,2,2,new_customers
CUST00707,136.0,2.0,3923.9420440377053,1.0,0.0,0,3,1,2,discount_sensitive_customers
CUST00708,124.0,5.0,10736.773677654892,0.0,0.2,0,3,4,5,loyal_customers
CUST00709,264.0,3.0,6044.153323560465,0.0,0.0,3,1,2,3,high_intent_abandoner
CUST00710,120.0,9.0,14945.706306815835,2.0,0.1111111111111111,4,3,5,5,high_value_unhappy
CUST00711,91.0,3.0,5254.206217223008,2.0,0.0,5,3,2,2,high_intent_abandoner
CUST00712,237.0,3.0,3448.459628517845,0.0,0.3333333333333333,2,2,2,1,dormant_customers
CUST00713,147.0,3.0,5558.900868390443,1.0,0.0,0,3,2,3,discount_sensitive_customers
CUST00714,27.0,7.0,13909.953266095268,0.0,0.14285714285714285,3,5,5,5,champions
CUST00715,17.0,2.0,3505.973875218404,0.0,0.5,0,5,1,2,new_customers
CUST00716,123.0,5.0,9021.479255965416,3.0,0.4,0,3,4,4,high_value_unhappy
CUST00717,42.0,5.0,12626.897791914647,2.0,0.0,1,4,4,5,high_value_unhappy
CUST00718,34.0,4.0,5243.856436901583,1.0,0.25,5,5,3,2,discount_sensitive_customers
CUST00719,343.0,3.0,6406.939970143953,1.0,0.3333333333333333,4,1,2,3,high_intent_abandoner
CUST00720,19.0,8.0,18920.786406607174,1.0,0.25,5,5,5,5,champions
CUST00721,183.0,1.0,3429.5803622105304,2.0,0.0,0,2,1,1,dormant_customers
CUST00722,283.0,2.0,3401.584574915326,0.0,0.0,4,1,1,1,high_intent_abandoner
CUST00723,70.0,3.0,6796.531816750634,1.0,0.0,3,4,2,3,high_intent_abandoner
CUST00724,163.0,4.0,7661.398730394022,1.0,0.25,0,2,3,4,at_risk_customers
CUST00725,329.0,3.0,6902.918795903447,1.0,0.3333333333333333,5,1,2,3,high_intent_abandoner
CUST00726,416.0,3.0,5258.463776367778,0.0,0.0,2,1,2,2,dormant_customers
CUST00727,85.0,5.0,7179.831767406024,0.0,0.0,5,4,4,3,loyal_customers
CUST00728,101.0,4.0,7506.4944212394,0.0,0.25,1,3,3,3,loyal_customers
CUST00729,122.0,3.0,3043.486828767298,0.0,0.3333333333333333,2,3,2,1,discount_sensitive_customers
CUST00730,59.0,6.0,12338.976929096187,1.0,0.0,1,4,5,5,champions
CUST00731,396.0,4.0,4794.4966611115215,2.0,0.0,0,1,3,2,discount_sensitive_customers
CUST00732,266.0,4.0,5343.916898552016,1.0,0.25,5,1,3,2,discount_sensitive_customers
CUST00733,544.0,2.0,3040.8876399514656,1.0,0.0,0,1,1,1,dormant_customers
CUST00734,999.0,0.0,0.0,0.0,0.0,4,1,1,1,high_intent_abandoner
CUST00735,72.0,4.0,8520.927044752701,1.0,0.0,1,4,3,4,loyal_customers
CUST00736,140.0,2.0,3650.7786577398856,0.0,0.0,3,3,1,2,high_intent_abandoner
CUST00737,999.0,0.0,0.0,0.0,0.0,2,1,1,1,dormant_customers
CUST00738,129.0,7.0,10601.380974654272,1.0,0.14285714285714285,5,3,5,5,loyal_customers
CUST00739,105.0,4.0,4398.242719446851,0.0,0.0,3,3,3,2,discount_sensitive_customers
CUST00740,199.0,3.0,4968.709210092357,1.0,0.3333333333333333,1,2,2,2,dormant_customers
CUST00741,147.0,3.0,6686.787120037523,1.0,0.3333333333333333,3,3,2,3,high_intent_abandoner
CUST00742,516.0,4.0,10230.269173221448,0.0,0.25,1,1,3,4,at_risk_customers
CUST00743,90.0,5.0,9640.3654380183,0.0,0.0,4,3,4,4,loyal_customers
CUST00744,1.0,3.0,7003.60245591469,2.0,0.0,4,5,2,3,high_intent_abandoner
CUST00745,318.0,2.0,2143.4587462657964,3.0,0.0,3,1,1,1,high_intent_abandoner
CUST00746,122.0,4.0,6808.0408999224455,0.0,0.0,3,3,3,3,loyal_customers
CUST00747,112.0,3.0,5640.843577563645,0.0,0.0,5,3,2,3,high_intent_abandoner
CUST00748,18.0,2.0,3889.2937318114514,0.0,0.0,1,5,1,2,new_customers
CUST00749,46.0,3.0,5673.108428762778,0.0,0.3333333333333333,4,4,2,3,high_intent_abandoner
CUST00750,613.0,2.0,5332.220532019808,1.0,0.0,5,1,1,2,high_intent_abandoner
CUST00751,4.0,5.0,10479.857204212536,0.0,0.2,3,5,4,5,champions
CUST00752,110.0,1.0,3029.234698368968,0.0,0.0,5,3,1,1,high_intent_abandoner
CUST00753,65.0,2.0,3840.4810855128258,0.0,0.0,1,4,1,2,new_customers
CUST00754,29.0,4.0,7258.100440856347,0.0,0.25,1,5,3,3,loyal_customers
CUST00755,25.0,4.0,8891.104702589555,2.0,0.0,3,5,3,4,high_value_unhappy
CUST00756,7.0,2.0,2806.781609928022,1.0,0.5,2,5,1,1,new_customers
CUST00757,325.0,3.0,3796.5091480446945,1.0,0.3333333333333333,5,1,2,2,high_intent_abandoner
CUST00758,256.0,5.0,13964.49455641557,1.0,0.0,0,2,4,5,at_risk_customers
CUST00759,49.0,4.0,9768.176398831733,0.0,0.0,1,4,3,4,loyal_customers
CUST00760,127.0,2.0,3650.398860367547,0.0,0.5,4,3,1,2,high_intent_abandoner
CUST00761,135.0,5.0,9162.924170908766,0.0,0.2,5,3,4,4,loyal_customers
CUST00762,47.0,6.0,14083.562063719786,1.0,0.16666666666666666,0,4,5,5,champions
CUST00763,35.0,7.0,8485.039675413473,2.0,0.2857142857142857,1,5,5,4,high_value_unhappy
CUST00764,252.0,2.0,1344.0814260226966,1.0,0.0,5,2,1,1,high_intent_abandoner
CUST00765,999.0,0.0,0.0,2.0,0.0,2,1,1,1,dormant_customers
CUST00766,95.0,3.0,6826.756992388337,1.0,0.0,0,3,2,3,discount_sensitive_customers
CUST00767,313.0,2.0,1701.8806075577668,0.0,0.0,4,1,1,1,high_intent_abandoner
CUST00768,208.0,5.0,11837.995496384632,0.0,0.0,0,2,4,5,at_risk_customers
CUST00769,94.0,5.0,8486.355339525991,1.0,0.0,5,3,4,4,loyal_customers
CUST00770,33.0,9.0,14147.457430349994,1.0,0.1111111111111111,3,5,5,5,champions
CUST00771,360.0,5.0,12190.829791157712,1.0,0.0,1,1,4,5,at_risk_customers
CUST00772,268.0,5.0,12045.760148493355,1.0,0.0,3,1,4,5,at_risk_customers
CUST00773,202.0,3.0,7341.232612642644,1.0,0.0,2,2,2,3,dormant_customers
CUST00774,144.0,5.0,12492.727602460329,0.0,0.4,0,3,4,5,loyal_customers
CUST00775,43.0,2.0,5236.862970984372,0.0,0.0,3,4,1,2,high_intent_abandoner
CUST00776,222.0,5.0,7074.8933721373705,0.0,0.2,2,2,4,3,at_risk_customers
CUST00777,999.0,0.0,0.0,0.0,0.0,3,1,1,1,high_intent_abandoner
CUST00778,264.0,7.0,11705.168589410301,0.0,0.0,4,1,5,5,at_risk_customers
CUST00779,58.0,3.0,4204.2876480507275,0.0,0.0,3,4,2,2,high_intent_abandoner
CUST00780,27.0,6.0,11278.936051386956,1.0,0.0,1,5,5,5,champions
CUST00781,19.0,5.0,8489.518198112637,1.0,0.2,5,5,4,4,champions
CUST00782,59.0,1.0,877.6615875996732,3.0,0.0,3,4,1,1,high_intent_abandoner
CUST00783,26.0,5.0,10366.722372838727,0.0,0.0,3,5,4,5,champions
CUST00784,211.0,6.0,11101.444234982944,1.0,0.0,3,2,5,5,at_risk_customers
CUST00785,7.0,6.0,8756.970016180036,2.0,0.0,3,5,5,4,high_value_unhappy
CUST00786,437.0,1.0,2409.0150480709653,1.0,0.0,3,1,1,1,high_intent_abandoner
CUST00787,87.0,4.0,6754.8352343827755,0.0,0.0,0,3,3,3,loyal_customers
CUST00788,457.0,2.0,2865.512857695495,1.0,0.0,0,1,1,1,dormant_customers
CUST00789,150.0,3.0,4277.0880385650025,1.0,0.3333333333333333,5,2,2,2,high_intent_abandoner
CUST00790,41.0,1.0,1689.4865560855612,2.0,0.0,4,4,1,1,high_intent_abandoner
CUST00791,22.0,4.0,5132.501701204904,0.0,0.25,0,5,3,2,discount_sensitive_customers
CUST00792,69.0,5.0,9072.787359413724,0.0,0.0,2,4,4,4,champions
CUST00793,92.0,7.0,11580.535521939346,0.0,0.0,1,3,5,5,loyal_customers
CUST00794,95.0,3.0,9291.885753155255,0.0,0.3333333333333333,3,3,2,4,high_intent_abandoner
CUST00795,131.0,2.0,3254.0286638233474,2.0,0.0,3,3,1,1,high_intent_abandoner
CUST00796,42.0,3.0,7509.574571166464,1.0,0.6666666666666666,3,4,2,3,high_intent_abandoner
CUST00797,227.0,4.0,9613.322489091952,0.0,0.25,4,2,3,4,at_risk_customers
CUST00798,17.0,9.0,15297.488469879534,1.0,0.1111111111111111,4,5,5,5,champions
CUST00799,251.0,3.0,7479.7104976705905,0.0,0.0,2,2,2,3,dormant_customers
CUST00800,102.0,6.0,9731.156801991008,0.0,0.0,3,3,5,4,loyal_customers
CUST00801,493.0,1.0,3259.6043553214677,2.0,0.0,4,1,1,1,high_intent_abandoner
CUST00802,75.0,5.0,7689.484485071752,1.0,0.4,3,4,4,4,champions
CUST00803,177.0,2.0,1799.6119016150365,0.0,0.0,0,2,1,1,dormant_customers
CUST00804,33.0,3.0,3897.7552738195377,0.0,0.3333333333333333,3,5,2,2,high_intent_abandoner
CUST00805,96.0,6.0,12417.156825331567,0.0,0.16666666666666666,2,3,5,5,loyal_customers
CUST00806,149.0,1.0,1080.5058743631698,2.0,0.0,2,2,1,1,dormant_customers
CUST00807,277.0,1.0,3475.541594835506,1.0,0.0,4,1,1,1,high_intent_abandoner
CUST00808,55.0,2.0,5099.4206441230035,0.0,0.5,3,4,1,2,high_intent_abandoner
CUST00809,29.0,4.0,4326.680061108656,0.0,0.0,2,5,3,2,discount_sensitive_customers
CUST00810,235.0,4.0,7086.120004260956,1.0,0.0,0,2,3,3,at_risk_customers
CUST00811,26.0,4.0,6412.307334638446,1.0,0.0,4,5,3,3,loyal_customers
CUST00812,164.0,1.0,1965.3090439396274,2.0,0.0,0,2,1,1,dormant_customers
CUST00813,367.0,1.0,1240.74706979259,1.0,0.0,2,1,1,1,dormant_customers
CUST00814,217.0,3.0,5484.484614250481,1.0,0.0,5,2,2,2,high_intent_abandoner
CUST00815,246.0,4.0,7551.810095485478,0.0,0.25,4,2,3,3,at_risk_customers
CUST00816,76.0,9.0,21287.699478335915,2.0,0.1111111111111111,3,4,5,5,high_value_unhappy
CUST00817,105.0,5.0,7447.28065746519,0.0,0.0,5,3,4,3,loyal_customers
CUST00818,77.0,3.0,4347.7163890914035,1.0,0.0,1,4,2,2,new_customers
CUST00819,69.0,2.0,4666.791636350254,0.0,0.5,3,4,1,2,high_intent_abandoner
CUST00820,20.0,6.0,13813.49591647139,0.0,0.0,3,5,5,5,champions
CUST00821,92.0,6.0,11881.93613935708,1.0,0.0,0,3,5,5,loyal_customers
CUST00822,43.0,8.0,13561.968783340555,1.0,0.0,3,4,5,5,champions
CUST00823,3.0,2.0,5368.010776709279,0.0,0.5,1,5,1,2,new_customers
CUST00824,20.0,3.0,3422.643036486514,1.0,0.0,4,5,2,1,high_intent_abandoner
CUST00825,23.0,8.0,17684.905743075877,2.0,0.125,4,5,5,5,high_value_unhappy
CUST00826,142.0,4.0,5739.128889616157,0.0,0.0,5,3,3,3,loyal_customers
CUST00827,290.0,4.0,6580.173549144438,0.0,0.0,1,1,3,3,at_risk_customers
CUST00828,14.0,3.0,6728.707849431776,1.0,0.3333333333333333,0,5,2,3,new_customers
CUST00829,145.0,2.0,4352.164996461379,3.0,0.0,5,3,1,2,high_intent_abandoner
CUST00830,39.0,3.0,5159.629514232808,0.0,0.0,1,4,2,2,new_customers
CUST00831,53.0,5.0,13016.009629671908,0.0,0.0,4,4,4,5,champions
CUST00832,104.0,3.0,4715.038647697828,0.0,0.3333333333333333,5,3,2,2,high_intent_abandoner
CUST00833,28.0,6.0,7391.977599426135,0.0,0.0,1,5,5,3,loyal_customers
CUST00834,88.0,2.0,4347.485405427526,0.0,0.0,0,3,1,2,discount_sensitive_customers
CUST00835,25.0,5.0,12472.381769026864,0.0,0.0,5,5,4,5,champions
CUST00836,98.0,6.0,12850.474706893436,1.0,0.0,3,3,5,5,loyal_customers
CUST00837,73.0,3.0,5864.504534145082,1.0,0.0,3,4,2,3,high_intent_abandoner
CUST00838,74.0,6.0,7177.607674393991,0.0,0.0,4,4,5,3,loyal_customers
CUST00839,50.0,6.0,13429.275741324527,1.0,0.16666666666666666,0,4,5,5,champions
CUST00840,389.0,4.0,9956.687873108987,1.0,0.0,3,1,3,4,at_risk_customers
CUST00841,46.0,2.0,2803.8144648587654,0.0,0.5,3,4,1,1,high_intent_abandoner
CUST00842,92.0,2.0,2730.2572810990137,2.0,1.0,3,3,1,1,high_intent_abandoner
CUST00843,10.0,5.0,10460.002672162496,0.0,0.2,2,5,4,5,champions
CUST00844,8.0,6.0,7279.653943287257,1.0,0.0,3,5,5,3,loyal_customers
CUST00845,256.0,4.0,7394.246125883066,0.0,0.0,2,2,3,3,at_risk_customers
CUST00846,98.0,3.0,5432.365467528782,0.0,0.0,1,3,2,2,discount_sensitive_customers
CUST00847,37.0,3.0,8726.235359743934,0.0,0.0,4,4,2,4,high_intent_abandoner
CUST00848,36.0,4.0,9600.822249191233,0.0,0.0,4,4,3,4,loyal_customers
CUST00849,232.0,4.0,7214.751280054797,3.0,0.0,5,2,3,3,at_risk_customers
CUST00850,20.0,7.0,10701.26111605596,1.0,0.14285714285714285,5,5,5,5,champions
CUST00851,293.0,3.0,6550.627971105508,0.0,0.3333333333333333,2,1,2,3,dormant_customers
CUST00852,363.0,4.0,5657.612148543801,0.0,0.0,0,1,3,3,at_risk_customers
CUST00853,60.0,4.0,4989.527787319401,0.0,0.0,5,4,3,2,discount_sensitive_customers
CUST00854,68.0,2.0,3579.920484946436,0.0,0.0,5,4,1,2,high_intent_abandoner
CUST00855,57.0,3.0,5645.330880452101,1.0,0.0,2,4,2,3,new_customers
CUST00856,530.0,2.0,2550.2296392973485,1.0,0.0,3,1,1,1,high_intent_abandoner
CUST00857,385.0,1.0,1564.9446256496628,1.0,1.0,5,1,1,1,high_intent_abandoner
CUST00858,183.0,5.0,12850.302145328904,1.0,0.0,0,2,4,5,at_risk_customers
CUST00859,342.0,2.0,2330.520697385765,0.0,0.0,4,1,1,1,high_intent_abandoner
CUST00860,274.0,3.0,6921.476338344202,0.0,0.0,1,1,2,3,dormant_customers
CUST00861,34.0,2.0,973.8594203619855,0.0,0.0,1,5,1,1,new_customers
CUST00862,88.0,5.0,8904.581960456266,1.0,0.0,2,3,4,4,loyal_customers
CUST00863,157.0,2.0,3831.3245580950256,1.0,0.0,5,2,1,2,high_intent_abandoner
CUST00864,329.0,2.0,4324.132029068126,0.0,1.0,2,1,1,2,dormant_customers
CUST00865,94.0,3.0,6123.731232288664,2.0,0.3333333333333333,2,3,2,3,discount_sensitive_customers
CUST00866,244.0,4.0,10719.211439270952,1.0,0.0,2,2,3,5,at_risk_customers
CUST00867,22.0,2.0,3565.649468573311,0.0,0.0,4,5,1,2,high_intent_abandoner
CUST00868,266.0,2.0,3295.800194721417,1.0,0.0,3,1,1,1,high_intent_abandoner
CUST00869,308.0,3.0,4851.94420846193,0.0,0.0,4,1,2,2,high_intent_abandoner
CUST00870,34.0,4.0,6236.356020609908,1.0,0.0,1,5,3,3,loyal_customers
CUST00871,126.0,7.0,10901.128518651567,0.0,0.0,1,3,5,5,loyal_customers
CUST00872,146.0,5.0,9081.34163445629,2.0,0.6,1,3,4,4,high_value_unhappy
CUST00873,388.0,2.0,4303.462364957501,0.0,0.0,3,1,1,2,high_intent_abandoner
CUST00874,106.0,10.0,16688.16264632632,1.0,0.2,3,3,5,5,loyal_customers
CUST00875,12.0,3.0,4756.027101358941,1.0,0.3333333333333333,0,5,2,2,new_customers
CUST00876,260.0,3.0,4431.929838526308,0.0,0.0,3,1,2,2,high_intent_abandoner
CUST00877,39.0,3.0,6293.71972478789,3.0,0.0,1,4,2,3,new_customers
CUST00878,105.0,3.0,3665.7655737806544,1.0,0.3333333333333333,3,3,2,2,high_intent_abandoner
CUST00879,146.0,2.0,3602.821080092862,0.0,0.0,3,3,1,2,high_intent_abandoner
CUST00880,449.0,2.0,3874.588266171575,0.0,0.5,3,1,1,2,high_intent_abandoner
CUST00881,147.0,8.0,17467.87547547415,0.0,0.25,2,3,5,5,loyal_customers
CUST00882,87.0,2.0,1232.7274975696605,0.0,0.0,5,3,1,1,high_intent_abandoner
CUST00883,194.0,7.0,16892.311653279405,1.0,0.14285714285714285,5,2,5,5,at_risk_customers
CUST00884,232.0,4.0,7288.913273309222,1.0,0.25,3,2,3,3,at_risk_customers
CUST00885,60.0,3.0,3513.4341115386887,0.0,0.3333333333333333,2,4,2,2,new_customers
CUST00886,46.0,3.0,7278.83271349494,1.0,0.0,1,4,2,3,new_customers
CUST00887,143.0,5.0,8303.461481994096,0.0,0.0,0,3,4,4,loyal_customers
CUST00888,199.0,2.0,4542.573364445967,0.0,0.5,4,2,1,2,high_intent_abandoner
CUST00889,99.0,5.0,9116.935703398118,1.0,0.0,5,3,4,4,loyal_customers
CUST00890,210.0,5.0,10005.874334290851,0.0,0.0,0,2,4,4,at_risk_customers
CUST00891,70.0,5.0,10675.755777261724,1.0,0.0,4,4,4,5,champions
CUST00892,208.0,7.0,10877.807136715615,2.0,0.14285714285714285,5,2,5,5,high_value_unhappy
CUST00893,88.0,6.0,8873.082848528928,0.0,0.16666666666666666,1,3,5,4,loyal_customers
CUST00894,254.0,2.0,3551.7908387698167,0.0,0.5,2,2,1,2,dormant_customers
CUST00895,57.0,5.0,10282.892202009858,0.0,0.0,3,4,4,5,champions
CUST00896,150.0,3.0,6747.7534206335295,0.0,0.0,2,2,2,3,dormant_customers
CUST00897,209.0,6.0,13434.062229394316,2.0,0.16666666666666666,4,2,5,5,high_value_unhappy
CUST00898,69.0,5.0,10195.351466889439,1.0,0.0,5,4,4,4,champions
CUST00899,25.0,5.0,9080.402781457768,3.0,0.0,3,5,4,4,high_value_unhappy
CUST00900,119.0,5.0,6485.776024403497,0.0,0.2,4,3,4,3,loyal_customers
CUST00901,86.0,2.0,4892.349289844888,0.0,0.0,4,3,1,2,high_intent_abandoner
CUST00902,96.0,7.0,15251.460069001809,0.0,0.0,5,3,5,5,loyal_customers
CUST00903,74.0,3.0,3052.2939340656485,4.0,0.0,3,4,2,1,high_intent_abandoner
CUST00904,170.0,3.0,5076.0941148779275,1.0,0.0,0,2,2,2,dormant_customers
CUST00905,22.0,8.0,13994.95441217624,1.0,0.0,0,5,5,5,champions
CUST00906,410.0,2.0,3945.996376701286,1.0,0.0,5,1,1,2,high_intent_abandoner
CUST00907,21.0,5.0,11553.905237783889,1.0,0.0,5,5,4,5,champions
CUST00908,317.0,2.0,2527.8141240302684,0.0,0.5,4,1,1,1,high_intent_abandoner
CUST00909,172.0,1.0,1525.3031893727582,0.0,0.0,1,2,1,1,dormant_customers
CUST00910,78.0,3.0,5805.795035493424,0.0,0.3333333333333333,2,4,2,3,new_customers
CUST00911,34.0,4.0,7177.754725941679,0.0,0.0,0,5,3,3,loyal_customers
CUST00912,132.0,3.0,6472.294847119523,1.0,0.0,3,3,2,3,high_intent_abandoner
CUST00913,65.0,6.0,9279.437720931122,0.0,0.0,4,4,5,4,champions
CUST00914,14.0,5.0,6412.8905614620235,1.0,0.0,2,5,4,3,loyal_customers
CUST00915,41.0,2.0,3971.7415707968557,2.0,0.5,5,4,1,2,high_intent_abandoner
CUST00916,161.0,7.0,16455.210991313998,1.0,0.2857142857142857,2,2,5,5,at_risk_customers
CUST00917,113.0,4.0,5907.335870314381,1.0,0.25,4,3,3,3,loyal_customers
CUST00918,74.0,3.0,3569.9398505725135,0.0,0.3333333333333333,2,4,2,2,new_customers
CUST00919,13.0,6.0,10500.31141736863,0.0,0.0,1,5,5,5,champions
CUST00920,35.0,5.0,10768.984536680162,2.0,0.2,4,5,4,5,high_value_unhappy
CUST00921,103.0,11.0,16628.946783912863,0.0,0.18181818181818182,5,3,5,5,loyal_customers
CUST00922,999.0,0.0,0.0,1.0,0.0,2,1,1,1,dormant_customers
CUST00923,37.0,8.0,13431.541968828262,0.0,0.25,2,4,5,5,champions
CUST00924,178.0,3.0,2908.8843790982214,0.0,0.3333333333333333,5,2,2,1,high_intent_abandoner
CUST00925,120.0,7.0,15696.45281536627,1.0,0.0,0,3,5,5,loyal_customers
CUST00926,374.0,3.0,6317.743966846973,0.0,0.3333333333333333,2,1,2,3,dormant_customers
CUST00927,94.0,3.0,4817.644919528358,0.0,0.0,2,3,2,2,discount_sensitive_customers
CUST00928,999.0,0.0,0.0,1.0,0.0,0,1,1,1,dormant_customers
CUST00929,76.0,8.0,10128.157606971412,1.0,0.125,4,4,5,4,champions
CUST00930,2.0,5.0,12160.624789859306,2.0,0.2,0,5,4,5,high_value_unhappy
CUST00931,376.0,2.0,5090.854158370791,0.0,0.0,3,1,1,2,high_intent_abandoner
CUST00932,77.0,2.0,3126.5369746761753,3.0,0.0,3,4,1,1,high_intent_abandoner
CUST00933,999.0,0.0,0.0,0.0,0.0,1,1,1,1,dormant_customers
CUST00934,416.0,3.0,4990.2149966427105,0.0,0.0,2,1,2,2,dormant_customers
CUST00935,229.0,2.0,4621.649108086891,1.0,0.5,5,2,1,2,high_intent_abandoner
CUST00936,39.0,6.0,12409.81905472808,0.0,0.0,3,4,5,5,champions
CUST00937,257.0,2.0,4214.993936410999,0.0,0.0,4,1,1,2,high_intent_abandoner
CUST00938,615.0,1.0,2707.264073972563,0.0,1.0,4,1,1,1,high_intent_abandoner
CUST00939,587.0,1.0,496.7264546176439,0.0,0.0,5,1,1,1,high_intent_abandoner
CUST00940,465.0,4.0,6120.4400599117525,0.0,0.0,3,1,3,3,at_risk_customers
CUST00941,63.0,3.0,3372.513922127875,1.0,0.3333333333333333,0,4,2,1,new_customers
CUST00942,52.0,7.0,14453.747214832161,0.0,0.0,5,4,5,5,champions
CUST00943,117.0,2.0,4133.414216682648,1.0,0.0,1,3,1,2,discount_sensitive_customers
CUST00944,70.0,7.0,16258.081802645931,2.0,0.0,0,4,5,5,high_value_unhappy
CUST00945,285.0,1.0,1638.0318964128444,1.0,0.0,1,1,1,1,dormant_customers
CUST00946,201.0,4.0,4154.605817389838,0.0,0.0,5,2,3,2,discount_sensitive_customers
CUST00947,50.0,5.0,6391.240681226878,1.0,0.2,3,4,4,3,loyal_customers
CUST00948,95.0,6.0,11420.901796815697,2.0,0.0,0,3,5,5,high_value_unhappy
CUST00949,107.0,2.0,3836.5111413999025,0.0,0.0,3,3,1,2,high_intent_abandoner
CUST00950,40.0,4.0,8709.351714170722,2.0,0.25,1,4,3,4,high_value_unhappy
CUST00951,166.0,2.0,2847.129772830659,0.0,0.5,4,2,1,1,high_intent_abandoner
CUST00952,121.0,5.0,5948.120714160837,1.0,0.0,5,3,4,3,loyal_customers
CUST00953,170.0,3.0,6339.959401403514,0.0,0.0,0,2,2,3,dormant_customers
CUST00954,108.0,3.0,6122.30894276622,0.0,0.3333333333333333,3,3,2,3,high_intent_abandoner
CUST00955,60.0,6.0,13263.575389199745,0.0,0.3333333333333333,1,4,5,5,champions
CUST00956,87.0,4.0,7944.6680307928555,0.0,0.5,4,3,3,4,loyal_customers
CUST00957,61.0,7.0,15498.465703574204,1.0,0.0,0,4,5,5,champions
CUST00958,373.0,4.0,6488.858417502974,1.0,0.25,1,1,3,3,at_risk_customers
CUST00959,120.0,3.0,5967.403356703091,0.0,0.3333333333333333,0,3,2,3,discount_sensitive_customers
CUST00960,149.0,6.0,9621.929506534807,0.0,0.5,0,2,5,4,at_risk_customers
CUST00961,47.0,2.0,2072.990041564547,1.0,0.0,2,4,1,1,new_customers
CUST00962,67.0,5.0,11777.223598828274,1.0,0.0,3,4,4,5,champions
CUST00963,557.0,2.0,5024.195512694076,2.0,0.5,2,1,1,2,dormant_customers
CUST00964,1.0,4.0,6188.525688089083,2.0,0.25,0,5,3,3,loyal_customers
CUST00965,147.0,3.0,7074.46128522008,3.0,0.0,1,3,2,3,discount_sensitive_customers
CUST00966,122.0,4.0,5604.602159707418,1.0,0.0,3,3,3,3,loyal_customers
CUST00967,4.0,7.0,14001.11147026099,0.0,0.14285714285714285,1,5,5,5,champions
CUST00968,58.0,3.0,7667.795634092112,0.0,0.0,1,4,2,4,new_customers
CUST00969,91.0,6.0,13676.193651806401,2.0,0.3333333333333333,5,3,5,5,high_value_unhappy
CUST00970,30.0,6.0,13146.285962013979,0.0,0.16666666666666666,4,5,5,5,champions
CUST00971,361.0,2.0,4074.4810580452668,1.0,0.0,0,1,1,2,dormant_customers
CUST00972,18.0,3.0,5552.380095433426,3.0,0.0,1,5,2,3,new_customers
CUST00973,1.0,6.0,12233.535412405428,2.0,0.16666666666666666,0,5,5,5,high_value_unhappy
CUST00974,69.0,6.0,8906.671896646012,0.0,0.0,2,4,5,4,champions
CUST00975,33.0,4.0,4546.1872250692795,0.0,0.5,5,5,3,2,discount_sensitive_customers
CUST00976,66.0,4.0,6936.271184716705,0.0,0.0,5,4,3,3,loyal_customers
CUST00977,84.0,6.0,12894.64667195736,1.0,0.16666666666666666,2,4,5,5,champions
CUST00978,184.0,5.0,9043.619502098154,1.0,0.0,1,2,4,4,at_risk_customers
CUST00979,140.0,4.0,4836.774036578267,3.0,0.25,5,3,3,2,discount_sensitive_customers
CUST00980,35.0,3.0,4482.541744621671,1.0,0.0,0,5,2,2,new_customers
CUST00981,134.0,2.0,4104.134899840639,2.0,0.0,4,3,1,2,high_intent_abandoner
CUST00982,71.0,6.0,10518.047656280634,0.0,0.16666666666666666,3,4,5,5,champions
CUST00983,210.0,3.0,6956.133679681671,1.0,0.3333333333333333,2,2,2,3,dormant_customers
CUST00984,309.0,3.0,5618.82697618406,0.0,0.0,2,1,2,3,dormant_customers
CUST00985,52.0,7.0,10750.577582219732,2.0,0.14285714285714285,4,4,5,5,high_value_unhappy
CUST00986,289.0,5.0,8134.724782495661,0.0,0.0,1,1,4,4,at_risk_customers
CUST00987,274.0,2.0,5040.530636257676,0.0,0.0,2,1,1,2,dormant_customers
CUST00988,102.0,8.0,11921.56542872736,2.0,0.0,2,3,5,5,high_value_unhappy
CUST00989,28.0,4.0,4234.787002833919,1.0,0.0,3,5,3,2,discount_sensitive_customers
CUST00990,111.0,7.0,12264.128158629914,0.0,0.14285714285714285,4,3,5,5,loyal_customers
CUST00991,12.0,6.0,10952.31105122039,0.0,0.0,4,5,5,5,champions
CUST00992,65.0,6.0,11849.596863756124,0.0,0.16666666666666666,0,4,5,5,champions
CUST00993,114.0,7.0,15095.887649826538,3.0,0.0,4,3,5,5,high_value_unhappy
CUST00994,140.0,4.0,5096.157851710257,0.0,0.5,5,3,3,2,discount_sensitive_customers
CUST00995,93.0,2.0,5626.432787850428,2.0,0.5,3,3,1,3,high_intent_abandoner
CUST00996,69.0,4.0,9085.5419747866,1.0,0.0,5,4,3,4,loyal_customers
CUST00997,30.0,3.0,6914.723326303917,0.0,0.0,4,5,2,3,high_intent_abandoner
CUST00998,176.0,4.0,9787.261985173835,0.0,0.25,0,2,3,4,at_risk_customers
CUST00999,283.0,3.0,7428.8255798620285,0.0,0.3333333333333333,3,1,2,3,high_intent_abandoner
CUST01000,198.0,2.0,4493.3988129219915,0.0,0.0,2,2,1,2,dormant_customers
CUST01001,49.0,3.0,4581.558065266087,2.0,0.0,1,4,2,2,new_customers
CUST01002,80.0,5.0,6967.799238407733,0.0,0.0,2,4,4,3,loyal_customers
CUST01003,423.0,1.0,3214.266043243776,2.0,0.0,0,1,1,1,dormant_customers
CUST01004,241.0,2.0,3994.471204833959,2.0,0.5,3,2,1,2,high_intent_abandoner
CUST01005,110.0,5.0,10136.685414716283,0.0,0.0,2,3,4,4,loyal_customers
CUST01006,120.0,3.0,5095.2756959151975,3.0,0.0,0,3,2,2,discount_sensitive_customers
CUST01007,150.0,2.0,4184.161084398187,3.0,0.5,5,2,1,2,high_intent_abandoner
CUST01008,54.0,2.0,5482.143412867403,2.0,0.0,2,4,1,2,new_customers
CUST01009,162.0,5.0,6902.974648864093,1.0,0.0,1,2,4,3,at_risk_customers
CUST01010,12.0,4.0,8321.368977532225,0.0,0.0,5,5,3,4,loyal_customers
CUST01011,999.0,0.0,0.0,1.0,0.0,2,1,1,1,dormant_customers
CUST01012,57.0,4.0,7110.958407436922,0.0,0.0,2,4,3,3,loyal_customers
CUST01013,31.0,5.0,11643.960975603803,1.0,0.2,2,5,4,5,champions
CUST01014,51.0,8.0,11502.625563173353,2.0,0.125,0,4,5,5,high_value_unhappy
CUST01015,38.0,6.0,12799.33393830585,0.0,0.16666666666666666,3,4,5,5,champions
CUST01016,27.0,5.0,8517.343024147489,0.0,0.0,4,5,4,4,champions
CUST01017,21.0,10.0,14986.856630444085,1.0,0.1,0,5,5,5,champions
CUST01018,150.0,5.0,11405.397710813848,0.0,0.4,5,2,4,5,at_risk_customers
CUST01019,20.0,2.0,3276.994979802301,2.0,0.0,4,5,1,1,high_intent_abandoner
CUST01020,237.0,5.0,10763.52101340286,0.0,0.0,5,2,4,5,at_risk_customers
CUST01021,33.0,2.0,1532.4825018016754,1.0,0.0,4,5,1,1,high_intent_abandoner
CUST01022,99.0,2.0,4502.32821469045,0.0,0.0,2,3,1,2,discount_sensitive_customers
CUST01023,999.0,0.0,0.0,0.0,0.0,5,1,1,1,high_intent_abandoner
CUST01024,15.0,4.0,7308.826954620235,2.0,0.25,1,5,3,3,loyal_customers
CUST01025,999.0,0.0,0.0,0.0,0.0,4,1,1,1,high_intent_abandoner
CUST01026,78.0,5.0,7888.292003405646,2.0,0.0,5,4,4,4,high_value_unhappy
CUST01027,176.0,3.0,2961.432458550071,1.0,0.0,5,2,2,1,high_intent_abandoner
CUST01028,415.0,1.0,1508.5240223530448,1.0,0.0,4,1,1,1,high_intent_abandoner
CUST01029,127.0,4.0,7241.029756656025,2.0,0.0,2,3,3,3,loyal_customers
CUST01030,145.0,4.0,4986.300395842672,1.0,0.5,1,3,3,2,discount_sensitive_customers
CUST01031,21.0,7.0,12729.876404864786,1.0,0.14285714285714285,2,5,5,5,champions
CUST01032,136.0,8.0,15533.96615970461,0.0,0.125,4,3,5,5,loyal_customers
CUST01033,34.0,3.0,9218.951519237005,1.0,0.0,5,5,2,4,high_intent_abandoner
CUST01034,436.0,2.0,4771.503220663539,2.0,0.0,0,1,1,2,dormant_customers
CUST01035,209.0,2.0,2209.5102995129837,0.0,0.0,5,2,1,1,high_intent_abandoner
CUST01036,235.0,5.0,8822.923038237785,1.0,0.2,4,2,4,4,at_risk_customers
CUST01037,169.0,5.0,9061.557331696371,1.0,0.2,0,2,4,4,at_risk_customers
CUST01038,203.0,4.0,8510.614661434747,2.0,0.5,3,2,3,4,high_value_unhappy
CUST01039,52.0,4.0,8045.126413826003,1.0,0.0,1,4,3,4,loyal_customers
CUST01040,323.0,2.0,2049.9783923469454,2.0,0.0,5,1,1,1,high_intent_abandoner
CUST01041,142.0,4.0,11070.913209775163,0.0,0.25,3,3,3,5,loyal_customers
CUST01042,195.0,3.0,8695.825614919244,1.0,0.0,2,2,2,4,dormant_customers
CUST01043,34.0,3.0,5260.218483896914,2.0,0.6666666666666666,4,5,2,2,high_intent_abandoner
CUST01044,159.0,5.0,9813.020169934422,1.0,0.0,3,2,4,4,at_risk_customers
CUST01045,572.0,1.0,1094.2059694644074,1.0,0.0,1,1,1,1,dormant_customers
CUST01046,183.0,7.0,18521.515663482074,1.0,0.14285714285714285,0,2,5,5,at_risk_customers
CUST01047,33.0,4.0,7653.653408907789,0.0,0.25,0,5,3,4,loyal_customers
CUST01048,185.0,3.0,6230.627991950991,0.0,0.0,2,2,2,3,dormant_customers
CUST01049,369.0,2.0,4031.862301772521,0.0,0.0,2,1,1,2,dormant_customers
CUST01050,37.0,4.0,4699.485530477693,0.0,0.25,4,4,3,2,discount_sensitive_customers
CUST01051,132.0,3.0,5072.318312839105,0.0,0.0,3,3,2,2,high_intent_abandoner
CUST01052,166.0,5.0,10238.202493406026,1.0,0.0,4,2,4,4,at_risk_customers
CUST01053,135.0,3.0,6593.6287047217775,1.0,0.3333333333333333,0,3,2,3,discount_sensitive_customers
CUST01054,110.0,4.0,3285.535996579769,1.0,0.0,0,3,3,1,discount_sensitive_customers
CUST01055,179.0,6.0,12759.822805037005,1.0,0.16666666666666666,5,2,5,5,at_risk_customers
CUST01056,153.0,2.0,3105.8228769742027,0.0,0.5,3,2,1,1,high_intent_abandoner
CUST01057,523.0,1.0,2834.097183289072,3.0,1.0,4,1,1,1,high_intent_abandoner
CUST01058,10.0,3.0,1189.6790231108325,0.0,0.3333333333333333,2,5,2,1,new_customers
CUST01059,163.0,5.0,9692.314591772936,0.0,0.2,3,2,4,4,at_risk_customers
CUST01060,607.0,1.0,2556.285632284968,2.0,0.0,5,1,1,1,high_intent_abandoner
CUST01061,387.0,2.0,2953.6943162643042,0.0,0.5,2,1,1,1,dormant_customers
CUST01062,158.0,1.0,2214.494291915908,0.0,0.0,3,2,1,1,high_intent_abandoner
CUST01063,87.0,7.0,13327.303986395782,0.0,0.14285714285714285,2,3,5,5,loyal_customers
CUST01064,28.0,3.0,5302.601053206864,2.0,0.0,1,5,2,2,new_customers
CUST01065,1.0,3.0,5112.977525836304,0.0,0.0,0,5,2,2,new_customers
CUST01066,21.0,4.0,8226.603909909063,2.0,0.0,5,5,3,4,high_value_unhappy
CUST01067,144.0,4.0,10612.049343483828,1.0,0.0,3,3,3,5,loyal_customers
CUST01068,178.0,5.0,7133.229828176923,2.0,0.0,5,2,4,3,at_risk_customers
CUST01069,158.0,2.0,5273.29245806904,0.0,0.0,1,2,1,2,dormant_customers
CUST01070,203.0,4.0,5280.712496224523,5.0,0.0,3,2,3,2,discount_sensitive_customers
CUST01071,0.0,5.0,8135.283109385691,0.0,0.0,0,5,4,4,champions
CUST01072,39.0,3.0,5371.759049500937,3.0,0.0,5,4,2,2,high_intent_abandoner
CUST01073,52.0,2.0,3931.7292870464225,1.0,0.0,0,4,1,2,new_customers
CUST01074,8.0,2.0,6273.064263688491,3.0,0.0,2,5,1,3,new_customers
CUST01075,90.0,6.0,12066.845000597497,2.0,0.3333333333333333,5,3,5,5,high_value_unhappy
CUST01076,25.0,7.0,16058.609526958133,1.0,0.14285714285714285,0,5,5,5,champions
CUST01077,18.0,7.0,16809.554658698587,1.0,0.14285714285714285,5,5,5,5,champions
CUST01078,176.0,4.0,9311.606466999554,0.0,0.0,5,2,3,4,at_risk_customers
CUST01079,356.0,1.0,2490.601550609386,0.0,0.0,0,1,1,1,dormant_customers
CUST01080,121.0,8.0,19689.827419541532,0.0,0.0,0,3,5,5,loyal_customers
CUST01081,183.0,5.0,7044.298729314421,1.0,0.0,4,2,4,3,at_risk_customers
CUST01082,213.0,4.0,8045.370463159606,1.0,0.5,4,2,3,4,at_risk_customers
CUST01083,37.0,8.0,15668.286629956414,1.0,0.0,0,4,5,5,champions
CUST01084,231.0,4.0,7364.119945542542,1.0,0.25,5,2,3,3,at_risk_customers
CUST01085,344.0,1.0,1296.4304945376014,0.0,0.0,5,1,1,1,high_intent_abandoner
CUST01086,269.0,3.0,2265.2730062458104,1.0,0.0,4,1,2,1,high_intent_abandoner
CUST01087,301.0,3.0,5576.666504440058,0.0,0.0,3,1,2,3,high_intent_abandoner
CUST01088,214.0,2.0,2232.6908603674815,0.0,0.0,5,2,1,1,high_intent_abandoner
CUST01089,106.0,8.0,14336.261934453709,2.0,0.125,1,3,5,5,high_value_unhappy
CUST01090,310.0,5.0,7937.070954072464,1.0,0.4,1,1,4,4,at_risk_customers
CUST01091,80.0,1.0,287.3375462217249,0.0,0.0,4,4,1,1,high_intent_abandoner
CUST01092,44.0,5.0,9699.76518866107,0.0,0.0,1,4,4,4,champions
CUST01093,11.0,8.0,12299.665201597976,1.0,0.125,4,5,5,5,champions
CUST01094,58.0,7.0,9252.073506847128,1.0,0.2857142857142857,2,4,5,4,champions
CUST01095,296.0,5.0,9501.572002772107,2.0,0.2,5,1,4,4,high_value_unhappy
CUST01096,0.0,5.0,9558.047026879685,0.0,0.2,0,5,4,4,champions
CUST01097,36.0,4.0,4277.369319300044,0.0,0.25,1,4,3,2,discount_sensitive_customers
CUST01098,47.0,3.0,4853.145737720187,1.0,0.0,0,4,2,2,new_customers
CUST01099,7.0,10.0,21492.430225336713,1.0,0.2,1,5,5,5,champions
CUST01100,125.0,4.0,8076.022639910866,1.0,0.25,3,3,3,4,loyal_customers
CUST01101,31.0,4.0,10039.777376423126,0.0,0.0,3,5,3,4,loyal_customers
CUST01102,198.0,4.0,5156.5276228329685,1.0,0.25,4,2,3,2,discount_sensitive_customers
CUST01103,106.0,5.0,8074.245054209536,1.0,0.0,0,3,4,4,loyal_customers
CUST01104,308.0,3.0,6437.610624526998,1.0,0.3333333333333333,4,1,2,3,high_intent_abandoner
CUST01105,147.0,4.0,7359.059153503769,0.0,0.0,2,3,3,3,loyal_customers
CUST01106,10.0,8.0,17246.920908006057,3.0,0.125,4,5,5,5,high_value_unhappy
CUST01107,91.0,3.0,5771.331687443622,2.0,0.0,5,3,2,3,high_intent_abandoner
CUST01108,38.0,7.0,9252.38994374752,0.0,0.0,5,4,5,4,champions
CUST01109,164.0,2.0,3587.6000576382103,1.0,0.0,4,2,1,2,high_intent_abandoner
CUST01110,63.0,5.0,9181.948055972216,1.0,0.2,4,4,4,4,champions
CUST01111,7.0,3.0,5343.184300436005,0.0,0.3333333333333333,1,5,2,2,new_customers
CUST01112,187.0,4.0,7345.719779510072,0.0,0.0,1,2,3,3,at_risk_customers
CUST01113,4.0,5.0,10332.273993898863,2.0,0.0,2,5,4,5,high_value_unhappy
CUST01114,38.0,3.0,7602.514769323894,1.0,0.0,0,4,2,4,new_customers
CUST01115,88.0,2.0,1614.1696919337228,1.0,0.5,3,3,1,1,high_intent_abandoner
CUST01116,229.0,3.0,6287.272002745287,0.0,0.3333333333333333,0,2,2,3,dormant_customers
CUST01117,137.0,6.0,11542.83269851706,1.0,0.0,3,3,5,5,loyal_customers
CUST01118,40.0,4.0,8575.418531342237,0.0,0.0,1,4,3,4,loyal_customers
CUST01119,128.0,4.0,7931.488522195602,0.0,0.0,4,3,3,4,loyal_customers
CUST01120,36.0,4.0,5802.186011234224,1.0,0.0,5,4,3,3,loyal_customers
CUST01121,35.0,2.0,2121.9869733685405,2.0,0.0,2,5,1,1,new_customers
CUST01122,342.0,2.0,3575.994341570905,0.0,1.0,2,1,1,2,dormant_customers
CUST01123,30.0,5.0,5664.6873696856355,1.0,0.2,5,5,4,3,loyal_customers
CUST01124,532.0,2.0,5810.041337686663,1.0,0.0,2,1,1,3,dormant_customers
CUST01125,3.0,6.0,10038.165044295341,0.0,0.16666666666666666,0,5,5,4,champions
CUST01126,74.0,4.0,5636.149777105216,1.0,0.0,1,4,3,3,loyal_customers
CUST01127,227.0,4.0,5453.6187262425265,0.0,0.0,1,2,3,2,discount_sensitive_customers
CUST01128,38.0,3.0,4083.272507992746,0.0,0.0,4,4,2,2,high_intent_abandoner
CUST01129,140.0,1.0,3046.731128886474,2.0,0.0,5,3,1,1,high_intent_abandoner
CUST01130,106.0,8.0,9325.846843623285,0.0,0.0,5,3,5,4,loyal_customers
CUST01131,119.0,4.0,6850.315532666635,1.0,0.5,0,3,3,3,loyal_customers
CUST01132,7.0,4.0,8370.552807576816,1.0,0.25,4,5,3,4,loyal_customers
CUST01133,221.0,4.0,12157.682606531904,5.0,0.0,3,2,3,5,high_value_unhappy
CUST01134,8.0,4.0,8898.25583632402,1.0,0.5,1,5,3,4,loyal_customers
CUST01135,75.0,6.0,10519.882418008961,1.0,0.0,2,4,5,5,champions
CUST01136,170.0,4.0,6779.745954816595,0.0,0.0,5,2,3,3,at_risk_customers
CUST01137,35.0,9.0,20481.136148565594,0.0,0.1111111111111111,4,5,5,5,champions
CUST01138,62.0,5.0,11611.963876125903,1.0,0.0,3,4,4,5,champions
CUST01139,35.0,4.0,6330.059955451108,0.0,0.0,2,5,3,3,loyal_customers
CUST01140,187.0,2.0,2240.4534729342336,1.0,0.0,2,2,1,1,dormant_customers
CUST01141,16.0,4.0,8581.780701330355,0.0,0.5,4,5,3,4,loyal_customers
CUST01142,4.0,8.0,14058.77826665667,2.0,0.125,4,5,5,5,high_value_unhappy
CUST01143,224.0,1.0,3388.2690723672667,1.0,0.0,4,2,1,1,high_intent_abandoner
CUST01144,204.0,2.0,3950.3500482300487,3.0,0.0,1,2,1,2,dormant_customers
CUST01145,444.0,2.0,5010.095760988221,0.0,0.0,5,1,1,2,high_intent_abandoner
CUST01146,487.0,3.0,7150.237181145683,0.0,0.0,5,1,2,3,high_intent_abandoner
CUST01147,316.0,4.0,10087.13277098773,1.0,0.0,0,1,3,4,at_risk_customers
CUST01148,259.0,3.0,6543.984549504192,2.0,0.0,5,1,2,3,high_intent_abandoner
CUST01149,261.0,4.0,2892.5357700375607,0.0,0.0,4,1,3,1,discount_sensitive_customers
CUST01150,122.0,1.0,3321.236723095921,3.0,0.0,5,3,1,1,high_intent_abandoner
CUST01151,49.0,5.0,4150.640417223985,0.0,0.0,1,4,4,2,discount_sensitive_customers
CUST01152,25.0,7.0,10340.081241576403,0.0,0.0,0,5,5,5,champions
CUST01153,7.0,7.0,11358.822461067954,0.0,0.0,3,5,5,5,champions
CUST01154,311.0,4.0,7537.116299536892,0.0,0.0,0,1,3,3,at_risk_customers
CUST01155,171.0,2.0,3185.3958694731546,0.0,0.0,1,2,1,1,dormant_customers
CUST01156,127.0,3.0,2373.131314071854,0.0,0.0,1,3,2,1,discount_sensitive_customers
CUST01157,32.0,4.0,6539.124716649854,1.0,0.0,5,5,3,3,loyal_customers
CUST01158,217.0,2.0,5655.965052389146,2.0,0.0,0,2,1,3,dormant_customers
CUST01159,25.0,5.0,9342.016102097467,0.0,0.2,0,5,4,4,champions
CUST01160,22.0,8.0,13511.594913006656,0.0,0.25,5,5,5,5,champions
CUST01161,236.0,3.0,5431.24926878191,1.0,0.3333333333333333,1,2,2,2,dormant_customers
CUST01162,11.0,4.0,7623.44395587196,1.0,0.0,1,5,3,4,loyal_customers
CUST01163,142.0,4.0,6658.386979647857,0.0,0.0,3,3,3,3,loyal_customers
CUST01164,253.0,2.0,4086.6667005182744,0.0,0.0,1,2,1,2,dormant_customers
CUST01165,6.0,7.0,11361.053260848548,1.0,0.14285714285714285,1,5,5,5,champions
CUST01166,366.0,3.0,1567.3876024828005,0.0,0.3333333333333333,2,1,2,1,dormant_customers
CUST01167,109.0,4.0,7176.843553580022,1.0,0.25,2,3,3,3,loyal_customers
CUST01168,46.0,5.0,9411.838301811611,1.0,0.2,2,4,4,4,champions
CUST01169,111.0,2.0,1515.3358338986486,2.0,0.5,4,3,1,1,high_intent_abandoner
CUST01170,216.0,4.0,4679.926674042486,0.0,0.0,5,2,3,2,discount_sensitive_customers
CUST01171,55.0,3.0,4545.175065217732,1.0,0.3333333333333333,4,4,2,2,high_intent_abandoner
CUST01172,609.0,1.0,3024.260357592764,1.0,0.0,1,1,1,1,dormant_customers
CUST01173,345.0,4.0,5924.470015327509,0.0,0.0,2,1,3,3,at_risk_customers
CUST01174,8.0,3.0,4897.660729408615,2.0,0.0,5,5,2,2,high_intent_abandoner
CUST01175,175.0,2.0,5098.255333564809,1.0,0.0,3,2,1,2,high_intent_abandoner
CUST01176,999.0,0.0,0.0,1.0,0.0,3,1,1,1,high_intent_abandoner
CUST01177,160.0,2.0,4099.489164166149,0.0,0.0,3,2,1,2,high_intent_abandoner
CUST01178,47.0,7.0,12105.754019058779,3.0,0.14285714285714285,1,4,5,5,high_value_unhappy
CUST01179,268.0,1.0,1266.4392997666325,0.0,1.0,5,1,1,1,high_intent_abandoner
CUST01180,27.0,6.0,12591.993964814605,1.0,0.16666666666666666,2,5,5,5,champions
CUST01181,188.0,3.0,6392.277434969287,2.0,0.3333333333333333,1,2,2,3,dormant_customers
CUST01182,203.0,3.0,5286.56308624833,2.0,0.0,1,2,2,2,dormant_customers
CUST01183,496.0,1.0,1843.1082012609895,0.0,0.0,3,1,1,1,high_intent_abandoner
CUST01184,237.0,3.0,6833.764681050032,1.0,0.0,2,2,2,3,dormant_customers
CUST01185,76.0,9.0,12634.60814135058,0.0,0.2222222222222222,4,4,5,5,champions
CUST01186,23.0,3.0,7952.748639937129,1.0,0.0,0,5,2,4,new_customers
CUST01187,320.0,3.0,1972.2703465600837,0.0,0.3333333333333333,1,1,2,1,dormant_customers
CUST01188,21.0,5.0,11317.649596512261,1.0,0.2,2,5,4,5,champions
CUST01189,34.0,1.0,2685.427361003514,2.0,0.0,0,5,1,1,new_customers
CUST01190,1.0,6.0,8481.463970903904,0.0,0.0,0,5,5,4,champions
CUST01191,625.0,1.0,3331.9247803635494,0.0,0.0,4,1,1,1,high_intent_abandoner
CUST01192,61.0,9.0,14563.648713002289,0.0,0.2222222222222222,4,4,5,5,champions
CUST01193,66.0,2.0,1429.892617005628,1.0,0.0,1,4,1,1,new_customers
CUST01194,182.0,5.0,9046.40884125397,2.0,0.2,1,2,4,4,high_value_unhappy
CUST01195,12.0,2.0,5066.78773397081,1.0,0.0,2,5,1,2,new_customers
CUST01196,120.0,3.0,8178.25482120466,0.0,0.0,4,3,2,4,high_intent_abandoner
CUST01197,399.0,4.0,7316.600810302465,3.0,0.75,5,1,3,3,at_risk_customers
CUST01198,518.0,1.0,697.6122533392394,1.0,0.0,4,1,1,1,high_intent_abandoner
CUST01199,266.0,2.0,3222.767954193026,0.0,0.5,5,1,1,1,high_intent_abandoner
CUST01200,212.0,2.0,3764.35341916986,0.0,0.0,2,2,1,2,dormant_customers
CUST01201,201.0,3.0,4276.465201066751,0.0,0.0,5,2,2,2,high_intent_abandoner
CUST01202,134.0,3.0,4187.018692361872,1.0,0.0,4,3,2,2,high_intent_abandoner
CUST01203,155.0,4.0,9622.722406565506,0.0,0.25,3,2,3,4,at_risk_customers
CUST01204,199.0,6.0,8620.069594837893,1.0,0.0,0,2,5,4,at_risk_customers
CUST01205,49.0,5.0,6496.166379970828,1.0,0.0,3,4,4,3,loyal_customers
CUST01206,53.0,7.0,12196.330372026863,0.0,0.14285714285714285,0,4,5,5,champions
CUST01207,90.0,5.0,4353.973606229861,1.0,0.0,5,3,4,2,discount_sensitive_customers
CUST01208,229.0,5.0,9450.402703191718,1.0,0.0,2,2,4,4,at_risk_customers
CUST01209,83.0,2.0,2985.7341135563493,0.0,0.0,2,4,1,1,new_customers
CUST01210,29.0,6.0,13555.989096264246,0.0,0.16666666666666666,0,5,5,5,champions
CUST01211,153.0,1.0,2686.8026263220545,0.0,0.0,0,2,1,1,dormant_customers
CUST01212,205.0,5.0,9928.674190431193,1.0,0.0,0,2,4,4,at_risk_customers
CUST01213,14.0,7.0,13816.498149559084,0.0,0.0,0,5,5,5,champions
CUST01214,387.0,2.0,1747.838722212072,1.0,0.5,1,1,1,1,dormant_customers
CUST01215,0.0,5.0,7045.672225398437,2.0,0.2,4,5,4,3,loyal_customers
CUST01216,73.0,7.0,11566.998774240905,1.0,0.42857142857142855,4,4,5,5,champions
CUST01217,0.0,4.0,5791.028169422516,2.0,0.25,2,5,3,3,loyal_customers
CUST01218,251.0,1.0,1750.9871915164297,1.0,0.0,1,2,1,1,dormant_customers
CUST01219,208.0,4.0,7022.149943285866,1.0,0.0,0,2,3,3,at_risk_customers
CUST01220,117.0,5.0,11072.833856786192,2.0,0.2,1,3,4,5,high_value_unhappy
CUST01221,100.0,3.0,5688.603792618512,0.0,0.3333333333333333,0,3,2,3,discount_sensitive_customers
CUST01222,94.0,4.0,7371.986496661546,0.0,0.25,5,3,3,3,loyal_customers
CUST01223,201.0,3.0,3478.01879066413,3.0,0.0,4,2,2,1,high_intent_abandoner
CUST01224,99.0,5.0,9263.387709508232,2.0,0.0,0,3,4,4,high_value_unhappy
CUST01225,23.0,3.0,6360.515494432839,1.0,0.0,5,5,2,3,high_intent_abandoner
CUST01226,410.0,2.0,3517.6087574406447,0.0,0.0,4,1,1,2,high_intent_abandoner
CUST01227,366.0,3.0,5571.657143585857,1.0,0.3333333333333333,0,1,2,3,dormant_customers
CUST01228,27.0,4.0,6492.349432375507,1.0,0.0,5,5,3,3,loyal_customers
CUST01229,130.0,5.0,6910.732290072519,1.0,0.0,2,3,4,3,loyal_customers
CUST01230,251.0,3.0,5637.045686345036,1.0,0.3333333333333333,4,2,2,3,high_intent_abandoner
CUST01231,29.0,9.0,21014.35837749322,1.0,0.0,5,5,5,5,champions
CUST01232,29.0,6.0,11020.489139145433,0.0,0.16666666666666666,2,5,5,5,champions
CUST01233,218.0,5.0,8891.997486421209,3.0,0.0,1,2,4,4,high_value_unhappy
CUST01234,69.0,6.0,10226.158318048347,0.0,0.0,0,4,5,4,champions
CUST01235,196.0,5.0,12174.241612999316,1.0,0.2,1,2,4,5,at_risk_customers
CUST01236,299.0,2.0,4661.16999207543,2.0,0.0,0,1,1,2,dormant_customers
CUST01237,146.0,3.0,5749.117339554701,1.0,0.0,4,3,2,3,high_intent_abandoner
CUST01238,208.0,1.0,2803.8481408850844,0.0,0.0,0,2,1,1,dormant_customers
CUST01239,3.0,4.0,8534.128731010098,1.0,0.0,5,5,3,4,loyal_customers
CUST01240,159.0,3.0,4473.188327520858,0.0,0.6666666666666666,3,2,2,2,high_intent_abandoner
CUST01241,215.0,4.0,5843.963052235742,3.0,0.0,3,2,3,3,at_risk_customers
CUST01242,3.0,5.0,9145.376563098458,1.0,0.2,3,5,4,4,champions
CUST01243,338.0,3.0,3807.999699941185,0.0,0.0,2,1,2,2,dormant_customers
CUST01244,90.0,5.0,12292.444265927657,0.0,0.2,3,3,4,5,loyal_customers
CUST01245,24.0,6.0,5220.42754492817,0.0,0.3333333333333333,0,5,5,2,discount_sensitive_customers
CUST01246,290.0,3.0,6843.236485076644,0.0,0.0,1,1,2,3,dormant_customers
CUST01247,205.0,3.0,2619.1532070395187,1.0,0.0,2,2,2,1,dormant_customers
CUST01248,81.0,4.0,7103.238967143169,1.0,0.5,4,4,3,3,loyal_customers
CUST01249,117.0,3.0,2684.7511580316723,2.0,0.3333333333333333,2,3,2,1,discount_sensitive_customers
CUST01250,59.0,6.0,11089.869603985493,1.0,0.3333333333333333,5,4,5,5,champions
CUST01251,222.0,4.0,7843.124982128411,0.0,0.0,5,2,3,4,at_risk_customers
CUST01252,406.0,4.0,2875.1775667040115,0.0,0.0,1,1,3,1,discount_sensitive_customers
CUST01253,240.0,6.0,10439.627098537989,0.0,0.16666666666666666,3,2,5,5,at_risk_customers
CUST01254,222.0,1.0,3462.6664243337955,0.0,0.0,1,2,1,1,dormant_customers
CUST01255,171.0,3.0,4995.394483265374,1.0,0.0,2,2,2,2,dormant_customers
CUST01256,58.0,5.0,11533.360670457645,0.0,0.0,2,4,4,5,champions
CUST01257,31.0,6.0,10555.056840452848,1.0,0.16666666666666666,2,5,5,5,champions
CUST01258,25.0,7.0,13035.43093004909,1.0,0.2857142857142857,1,5,5,5,champions
CUST01259,48.0,3.0,5028.742822841925,1.0,0.0,0,4,2,2,new_customers
CUST01260,3.0,5.0,10727.293422849754,0.0,0.4,0,5,4,5,champions
CUST01261,169.0,5.0,6638.251613916297,0.0,0.0,5,2,4,3,at_risk_customers
CUST01262,999.0,0.0,0.0,1.0,0.0,3,1,1,1,high_intent_abandoner
CUST01263,3.0,4.0,5860.036282795593,0.0,0.0,5,5,3,3,loyal_customers
CUST01264,439.0,1.0,2206.442983391559,3.0,0.0,4,1,1,1,high_intent_abandoner
CUST01265,271.0,3.0,6871.084618331534,1.0,0.0,1,1,2,3,dormant_customers
CUST01266,13.0,2.0,2411.796721095229,1.0,0.0,0,5,1,1,new_customers
CUST01267,165.0,2.0,4476.036771134616,4.0,0.0,3,2,1,2,high_intent_abandoner
CUST01268,107.0,1.0,178.4640462811515,0.0,1.0,4,3,1,1,high_intent_abandoner
CUST01269,85.0,3.0,4069.0421252435617,0.0,0.0,3,4,2,2,high_intent_abandoner
CUST01270,99.0,7.0,12592.99742674577,1.0,0.14285714285714285,3,3,5,5,loyal_customers
CUST01271,119.0,4.0,7882.936066459322,0.0,0.0,5,3,3,4,loyal_customers
CUST01272,256.0,4.0,9448.742822397691,0.0,0.0,5,2,3,4,at_risk_customers
CUST01273,130.0,4.0,11121.602190341551,0.0,0.25,4,3,3,5,loyal_customers
CUST01274,96.0,4.0,7634.830516255839,1.0,0.0,2,3,3,4,loyal_customers
CUST01275,209.0,4.0,6726.6121985519785,0.0,0.0,0,2,3,3,at_risk_customers
CUST01276,53.0,3.0,6036.2009817836115,0.0,0.3333333333333333,0,4,2,3,new_customers
CUST01277,40.0,3.0,3644.1801806200638,1.0,0.6666666666666666,4,4,2,2,high_intent_abandoner
CUST01278,468.0,3.0,4075.1739757245514,0.0,0.0,0,1,2,2,dormant_customers
CUST01279,106.0,5.0,10043.541602525715,0.0,0.0,1,3,4,4,loyal_customers
CUST01280,135.0,4.0,7119.814907047278,0.0,0.0,1,3,3,3,loyal_customers
CUST01281,48.0,5.0,9913.818931531423,1.0,0.0,1,4,4,4,champions
CUST01282,207.0,2.0,4588.968313040253,1.0,0.0,4,2,1,2,high_intent_abandoner
CUST01283,403.0,2.0,2591.8817807195114,0.0,0.0,5,1,1,1,high_intent_abandoner
CUST01284,85.0,7.0,11969.47286656103,1.0,0.14285714285714285,3,4,5,5,champions
CUST01285,184.0,4.0,8775.258203405116,1.0,0.25,3,2,3,4,at_risk_customers
CUST01286,85.0,2.0,4894.108268126271,0.0,0.0,2,4,1,2,new_customers
CUST01287,500.0,2.0,3622.9958602389524,2.0,0.0,2,1,1,2,dormant_customers
CUST01288,83.0,4.0,6595.900999861989,2.0,0.0,1,4,3,3,loyal_customers
CUST01289,23.0,3.0,5744.989737357789,1.0,0.0,1,5,2,3,new_customers
CUST01290,30.0,4.0,9666.260051857365,0.0,0.0,4,5,3,4,loyal_customers
CUST01291,529.0,1.0,2963.8104966230894,0.0,0.0,1,1,1,1,dormant_customers
CUST01292,167.0,8.0,10078.488246348996,0.0,0.25,1,2,5,4,at_risk_customers
CUST01293,39.0,5.0,15045.756586893458,0.0,0.2,1,4,4,5,champions
CUST01294,388.0,4.0,6023.451231651983,0.0,0.25,0,1,3,3,at_risk_customers
CUST01295,76.0,5.0,5819.286120196967,1.0,0.0,3,4,4,3,loyal_customers
CUST01296,371.0,1.0,2576.5157585051666,1.0,0.0,0,1,1,1,dormant_customers
CUST01297,12.0,7.0,7799.374583713118,1.0,0.0,5,5,5,4,champions
CUST01298,154.0,3.0,7180.589080121357,0.0,0.0,1,2,2,3,dormant_customers
CUST01299,13.0,2.0,2248.302160608975,0.0,0.0,1,5,1,1,new_customers
CUST01300,66.0,6.0,11441.179964069956,3.0,0.0,0,4,5,5,high_value_unhappy
CUST01301,129.0,3.0,3783.7105698061596,2.0,0.0,0,3,2,2,discount_sensitive_customers
CUST01302,177.0,7.0,11546.407264356509,0.0,0.14285714285714285,4,2,5,5,at_risk_customers
CUST01303,60.0,3.0,7134.4696334524215,0.0,0.0,4,4,2,3,high_intent_abandoner
CUST01304,100.0,2.0,3683.6277057036727,3.0,0.0,1,3,1,2,discount_sensitive_customers
CUST01305,57.0,5.0,8348.76207012207,0.0,0.0,0,4,4,4,champions
CUST01306,375.0,3.0,2173.1015909269104,1.0,0.0,5,1,2,1,high_intent_abandoner
CUST01307,79.0,6.0,11292.586565669937,0.0,0.0,4,4,5,5,champions
CUST01308,139.0,5.0,5041.082137776287,1.0,0.0,2,3,4,2,discount_sensitive_customers
CUST01309,9.0,5.0,8932.7279490609,0.0,0.2,0,5,4,4,champions
CUST01310,122.0,2.0,4762.714952964912,0.0,0.0,3,3,1,2,high_intent_abandoner
CUST01311,128.0,3.0,8283.9960940448,1.0,0.0,2,3,2,4,discount_sensitive_customers
CUST01312,90.0,4.0,7849.998385267885,1.0,0.0,2,3,3,4,loyal_customers
CUST01313,9.0,6.0,7269.4330065098875,2.0,0.16666666666666666,5,5,5,3,loyal_customers
CUST01314,303.0,5.0,8933.246764064736,0.0,0.0,0,1,4,4,at_risk_customers
CUST01315,100.0,3.0,7012.2031833198325,1.0,0.0,5,3,2,3,high_intent_abandoner
CUST01316,455.0,1.0,1569.2794118571708,3.0,0.0,1,1,1,1,dormant_customers
CUST01317,9.0,6.0,10247.258445529851,1.0,0.16666666666666666,3,5,5,4,champions
CUST01318,114.0,4.0,3929.4436826157234,1.0,0.25,4,3,3,2,discount_sensitive_customers
CUST01319,169.0,3.0,5970.853057485899,1.0,0.0,5,2,2,3,high_intent_abandoner
CUST01320,150.0,5.0,13267.952111536426,0.0,0.2,4,2,4,5,at_risk_customers
CUST01321,102.0,2.0,3798.842345616002,2.0,0.5,1,3,1,2,discount_sensitive_customers
CUST01322,134.0,2.0,3484.6913590400122,0.0,0.0,3,3,1,1,high_intent_abandoner
CUST01323,544.0,1.0,2283.5435646429605,1.0,1.0,5,1,1,1,high_intent_abandoner
CUST01324,319.0,2.0,4343.734140899374,1.0,0.0,3,1,1,2,high_intent_abandoner
CUST01325,39.0,4.0,6255.101040814929,1.0,0.0,2,4,3,3,loyal_customers
CUST01326,114.0,4.0,12434.308915455771,1.0,0.25,2,3,3,5,loyal_customers
CUST01327,294.0,3.0,6164.304884605402,2.0,0.0,3,1,2,3,high_intent_abandoner
CUST01328,43.0,5.0,10110.276194891378,1.0,0.2,5,4,4,4,champions
CUST01329,42.0,3.0,7112.312082756356,0.0,0.3333333333333333,5,4,2,3,high_intent_abandoner
CUST01330,17.0,3.0,4296.567939142901,2.0,0.0,5,5,2,2,high_intent_abandoner
CUST01331,175.0,1.0,2509.492703440762,1.0,0.0,0,2,1,1,dormant_customers
CUST01332,91.0,5.0,12710.427465812889,0.0,0.2,5,3,4,5,loyal_customers
CUST01333,191.0,3.0,3023.392290789607,0.0,0.0,0,2,2,1,dormant_customers
CUST01334,279.0,4.0,7913.75759478052,1.0,0.0,0,1,3,4,at_risk_customers
CUST01335,161.0,3.0,5722.744594647229,0.0,0.0,3,2,2,3,high_intent_abandoner
CUST01336,112.0,1.0,3297.250380636835,2.0,1.0,4,3,1,1,high_intent_abandoner
CUST01337,130.0,4.0,8806.548208772974,1.0,0.0,0,3,3,4,loyal_customers
CUST01338,121.0,4.0,9544.4326774667,1.0,0.25,4,3,3,4,loyal_customers
CUST01339,211.0,1.0,1763.7150461464716,1.0,0.0,0,2,1,1,dormant_customers
CUST01340,217.0,4.0,5030.570462151111,0.0,0.25,3,2,3,2,discount_sensitive_customers
CUST01341,5.0,3.0,3309.3640227600654,0.0,0.3333333333333333,0,5,2,1,new_customers
CUST01342,88.0,7.0,11574.144161391683,0.0,0.0,5,3,5,5,loyal_customers
CUST01343,463.0,1.0,2243.7820920549516,2.0,0.0,4,1,1,1,high_intent_abandoner
CUST01344,141.0,4.0,9531.627872581736,0.0,0.0,1,3,3,4,loyal_customers
CUST01345,38.0,3.0,4197.816678663108,0.0,0.6666666666666666,5,4,2,2,high_intent_abandoner
CUST01346,138.0,2.0,3943.9144423882717,2.0,0.0,4,3,1,2,high_intent_abandoner
CUST01347,11.0,4.0,10554.470002058984,0.0,0.0,1,5,3,5,loyal_customers
CUST01348,11.0,5.0,7307.2466475717465,0.0,0.2,5,5,4,3,loyal_customers
CUST01349,99.0,5.0,9270.571932932395,3.0,0.0,4,3,4,4,high_value_unhappy
CUST01350,67.0,3.0,8565.806330728828,1.0,0.0,5,4,2,4,high_intent_abandoner
CUST01351,147.0,2.0,3526.7838873197516,1.0,0.0,5,3,1,2,high_intent_abandoner
CUST01352,23.0,2.0,2161.5346910182416,1.0,0.0,0,5,1,1,new_customers
CUST01353,251.0,4.0,7127.762359183757,1.0,0.0,0,2,3,3,at_risk_customers
CUST01354,78.0,4.0,11264.080606420037,1.0,0.5,4,4,3,5,loyal_customers
CUST01355,186.0,5.0,11806.690583945592,2.0,0.2,0,2,4,5,high_value_unhappy
CUST01356,59.0,3.0,7027.394295504713,2.0,0.3333333333333333,0,4,2,3,new_customers
CUST01357,141.0,6.0,12922.523345721002,1.0,0.0,3,3,5,5,loyal_customers
CUST01358,87.0,8.0,11673.400736309708,0.0,0.0,2,3,5,5,loyal_customers
CUST01359,326.0,4.0,6478.880703765323,1.0,0.0,2,1,3,3,at_risk_customers
CUST01360,21.0,7.0,12016.701431145502,2.0,0.2857142857142857,5,5,5,5,high_value_unhappy
CUST01361,249.0,1.0,2899.4043966481395,1.0,0.0,4,2,1,1,high_intent_abandoner
CUST01362,107.0,4.0,9039.423255352649,1.0,0.0,2,3,3,4,loyal_customers
CUST01363,79.0,5.0,4409.940798246782,0.0,0.2,1,4,4,2,discount_sensitive_customers
CUST01364,91.0,4.0,3601.9742129776687,1.0,0.0,4,3,3,2,discount_sensitive_customers
CUST01365,78.0,4.0,10514.844169702776,2.0,0.0,4,4,3,5,high_value_unhappy
CUST01366,163.0,2.0,4062.7087033713565,0.0,0.0,1,2,1,2,dormant_customers
CUST01367,25.0,4.0,4347.285695638109,0.0,0.0,2,5,3,2,discount_sensitive_customers
CUST01368,41.0,7.0,9475.236044608686,0.0,0.0,1,4,5,4,champions
CUST01369,361.0,1.0,379.3017638665828,1.0,0.0,0,1,1,1,dormant_customers
CUST01370,80.0,3.0,3868.709672367201,1.0,0.0,4,4,2,2,high_intent_abandoner
CUST01371,29.0,2.0,4764.192136274228,1.0,0.0,3,5,1,2,high_intent_abandoner
CUST01372,169.0,4.0,7161.011940249302,1.0,0.25,1,2,3,3,at_risk_customers
CUST01373,42.0,4.0,10527.40157229791,2.0,0.0,4,4,3,5,high_value_unhappy
CUST01374,67.0,1.0,2349.612500049109,2.0,0.0,5,4,1,1,high_intent_abandoner
CUST01375,196.0,3.0,6779.428170884959,1.0,0.0,5,2,2,3,high_intent_abandoner
CUST01376,22.0,3.0,5197.64763300718,1.0,0.0,4,5,2,2,high_intent_abandoner
CUST01377,94.0,3.0,6502.866163826016,1.0,0.3333333333333333,1,3,2,3,discount_sensitive_customers
CUST01378,35.0,6.0,11481.523056369806,1.0,0.0,3,5,5,5,champions
CUST01379,119.0,4.0,7364.5124931548735,1.0,0.25,4,3,3,3,loyal_customers
CUST01380,29.0,4.0,7168.518759070564,1.0,0.0,0,5,3,3,loyal_customers
CUST01381,223.0,5.0,6476.355104067422,0.0,0.0,0,2,4,3,at_risk_customers
CUST01382,265.0,4.0,7114.46152739611,1.0,0.0,0,1,3,3,at_risk_customers
CUST01383,218.0,4.0,6200.076059191742,1.0,0.25,3,2,3,3,at_risk_customers
CUST01384,86.0,1.0,2071.987545055377,2.0,0.0,2,3,1,1,discount_sensitive_customers
CUST01385,17.0,5.0,7294.243049931807,0.0,0.2,0,5,4,3,loyal_customers
CUST01386,518.0,2.0,4584.310198490701,0.0,0.0,1,1,1,2,dormant_customers
CUST01387,32.0,4.0,7026.523680801575,1.0,0.25,2,5,3,3,loyal_customers
CUST01388,63.0,7.0,12339.51350512752,1.0,0.14285714285714285,1,4,5,5,champions
CUST01389,96.0,6.0,8835.135438904974,2.0,0.0,3,3,5,4,high_value_unhappy
CUST01390,131.0,5.0,9708.79902032613,0.0,0.2,0,3,4,4,loyal_customers
CUST01391,234.0,8.0,15576.023081640407,0.0,0.375,4,2,5,5,at_risk_customers
CUST01392,5.0,6.0,13484.367874658736,0.0,0.0,0,5,5,5,champions
CUST01393,177.0,4.0,7273.593197564282,1.0,0.0,3,2,3,3,at_risk_customers
CUST01394,999.0,0.0,0.0,3.0,0.0,0,1,1,1,dormant_customers
CUST01395,42.0,6.0,9265.351620915519,2.0,0.3333333333333333,0,4,5,4,high_value_unhappy
CUST01396,62.0,4.0,5544.6649120605525,0.0,0.0,0,4,3,3,loyal_customers
CUST01397,14.0,4.0,7217.855103210114,0.0,0.0,3,5,3,3,loyal_customers
CUST01398,391.0,3.0,7200.244910871103,1.0,0.3333333333333333,0,1,2,3,dormant_customers
CUST01399,188.0,3.0,7028.432073398742,0.0,0.0,5,2,2,3,high_intent_abandoner
CUST01400,40.0,4.0,7805.251999103208,1.0,0.25,4,4,3,4,loyal_customers
CUST01401,230.0,2.0,3408.531401783292,0.0,0.0,4,2,1,1,high_intent_abandoner
CUST01402,48.0,4.0,9180.14334148663,0.0,0.0,2,4,3,4,loyal_customers
CUST01403,86.0,1.0,1539.052185066937,1.0,1.0,2,3,1,1,discount_sensitive_customers
CUST01404,13.0,6.0,9046.77509992361,1.0,0.0,2,5,5,4,champions
CUST01405,1.0,3.0,4975.264356127345,1.0,0.0,2,5,2,2,new_customers
CUST01406,2.0,4.0,5323.734477310663,0.0,0.0,4,5,3,2,discount_sensitive_customers
CUST01407,491.0,1.0,2451.1028283765236,0.0,0.0,2,1,1,1,dormant_customers
CUST01408,265.0,3.0,4598.636279978296,1.0,0.0,1,1,2,2,dormant_customers
CUST01409,45.0,2.0,3879.844954760383,1.0,0.0,5,4,1,2,high_intent_abandoner
CUST01410,40.0,5.0,10724.193941838097,2.0,0.0,3,4,4,5,high_value_unhappy
CUST01411,119.0,6.0,16051.218721162762,3.0,0.0,5,3,5,5,high_value_unhappy
CUST01412,158.0,3.0,4305.96807955887,0.0,0.0,3,2,2,2,high_intent_abandoner
CUST01413,68.0,3.0,3837.3267876452337,1.0,0.0,4,4,2,2,high_intent_abandoner
CUST01414,103.0,3.0,5990.025411980291,1.0,0.3333333333333333,3,3,2,3,high_intent_abandoner
CUST01415,10.0,3.0,5631.026412690193,1.0,0.3333333333333333,3,5,2,3,high_intent_abandoner
CUST01416,5.0,6.0,13752.61430191412,1.0,0.0,0,5,5,5,champions
CUST01417,110.0,4.0,6678.526686973142,0.0,0.0,2,3,3,3,loyal_customers
CUST01418,200.0,6.0,11918.548766811662,0.0,0.0,2,2,5,5,at_risk_customers
CUST01419,343.0,1.0,2668.087038224415,0.0,0.0,0,1,1,1,dormant_customers
CUST01420,30.0,4.0,7833.330508866438,1.0,0.0,4,5,3,4,loyal_customers
CUST01421,256.0,3.0,6352.204043046804,1.0,0.0,1,2,2,3,dormant_customers
CUST01422,175.0,3.0,4323.029939680653,0.0,0.0,4,2,2,2,high_intent_abandoner
CUST01423,26.0,4.0,8023.553296273594,0.0,0.25,1,5,3,4,loyal_customers
CUST01424,4.0,5.0,11712.578037605246,1.0,0.2,1,5,4,5,champions
CUST01425,13.0,5.0,10872.92500173317,1.0,0.2,0,5,4,5,champions
CUST01426,64.0,4.0,6080.053901037425,0.0,0.0,4,4,3,3,loyal_customers
CUST01427,23.0,4.0,7677.71663220313,0.0,0.0,2,5,3,4,loyal_customers
CUST01428,7.0,2.0,4380.209838338491,2.0,0.0,5,5,2,2,high_intent_abandoner
CUST01429,140.0,4.0,9591.252534222784,0.0,0.0,4,3,3,4,loyal_customers
CUST01430,265.0,2.0,3909.862046061619,1.0,0.0,4,1,2,2,high_intent_abandoner
CUST01431,291.0,2.0,2950.719725929703,1.0,0.0,5,1,2,1,high_intent_abandoner
CUST01432,119.0,2.0,4981.040164627015,0.0,0.0,1,3,2,2,discount_sensitive_customers
CUST01433,441.0,1.0,3499.371312326175,0.0,0.0,1,1,1,1,dormant_customers
CUST01434,141.0,3.0,3620.529752476337,1.0,0.0,2,3,2,2,discount_sensitive_customers
CUST01435,3.0,3.0,7959.896780261961,0.0,0.3333333333333333,5,5,2,4,high_intent_abandoner
CUST01436,27.0,4.0,4446.138868007032,0.0,0.25,5,5,3,2,discount_sensitive_customers
CUST01437,227.0,3.0,4913.046453784729,1.0,0.0,2,2,2,2,dormant_customers
CUST01438,27.0,4.0,6482.521182473017,1.0,0.0,5,5,3,3,loyal_customers
CUST01439,33.0,3.0,3139.7906684919644,1.0,0.3333333333333333,1,5,2,1,new_customers
CUST01440,13.0,7.0,12869.4558878203,2.0,0.14285714285714285,4,5,5,5,high_value_unhappy
CUST01441,15.0,6.0,7896.946471802657,3.0,0.16666666666666666,1,5,5,4,high_value_unhappy
CUST01442,110.0,2.0,4185.628890262457,2.0,0.0,3,3,2,2,high_intent_abandoner
CUST01443,33.0,3.0,6937.014726186602,2.0,0.3333333333333333,3,5,2,3,high_intent_abandoner
CUST01444,265.0,6.0,11534.182017738525,0.0,0.0,1,1,5,5,at_risk_customers
CUST01445,92.0,3.0,6930.5468664535365,3.0,0.0,2,3,2,3,discount_sensitive_customers
CUST01446,192.0,6.0,14614.590657600027,1.0,0.3333333333333333,1,2,5,5,at_risk_customers
CUST01447,22.0,4.0,7656.173711404229,1.0,0.0,4,5,3,4,loyal_customers
CUST01448,67.0,7.0,13827.228409634732,0.0,0.0,3,4,5,5,champions
CUST01449,157.0,3.0,5177.86161355248,1.0,0.0,0,2,2,2,dormant_customers
CUST01450,30.0,8.0,14690.983404186985,1.0,0.25,2,5,5,5,champions
CUST01451,73.0,4.0,5755.628934102336,2.0,0.0,0,4,3,3,loyal_customers
CUST01452,203.0,4.0,8067.220395834424,1.0,0.25,2,2,3,4,at_risk_customers
CUST01453,165.0,2.0,3319.6404260168633,0.0,0.0,0,2,2,1,dormant_customers
CUST01454,194.0,1.0,1039.7646319615158,2.0,0.0,0,2,1,1,dormant_customers
CUST01455,380.0,2.0,2182.248150380451,3.0,0.0,5,1,2,1,high_intent_abandoner
CUST01456,101.0,2.0,6337.745580709578,0.0,0.0,1,3,2,3,discount_sensitive_customers
CUST01457,417.0,2.0,2577.5938195120466,2.0,0.0,2,1,2,1,dormant_customers
CUST01458,532.0,1.0,3431.2487671396157,0.0,1.0,5,1,1,1,high_intent_abandoner
CUST01459,24.0,7.0,11692.081005242402,0.0,0.14285714285714285,3,5,5,5,champions
CUST01460,0.0,6.0,8826.9946819996,1.0,0.0,0,5,5,4,champions
CUST01461,11.0,4.0,7256.499799872963,1.0,0.5,1,5,3,3,loyal_customers
CUST01462,12.0,9.0,15814.289262912509,1.0,0.0,4,5,5,5,champions
CUST01463,250.0,10.0,22943.86545017784,1.0,0.0,2,2,5,5,at_risk_customers
CUST01464,102.0,5.0,10241.913368557714,1.0,0.2,2,3,4,4,loyal_customers
CUST01465,99.0,5.0,7280.776494695674,0.0,0.0,3,3,4,3,loyal_customers
CUST01466,125.0,5.0,10241.820639911512,2.0,0.0,0,3,4,4,high_value_unhappy
CUST01467,52.0,4.0,9206.575822025143,0.0,0.0,1,4,3,4,loyal_customers
CUST01468,33.0,2.0,2325.3318269288675,1.0,0.5,0,5,2,1,new_customers
CUST01469,301.0,2.0,4962.478038990752,0.0,0.0,1,1,2,2,dormant_customers
CUST01470,31.0,8.0,15111.721538429949,1.0,0.0,3,5,5,5,champions
CUST01471,75.0,1.0,418.8102977587447,1.0,0.0,0,4,1,1,new_customers
CUST01472,6.0,7.0,7570.5214009811225,0.0,0.14285714285714285,4,5,5,4,champions
CUST01473,76.0,4.0,9170.074158719515,0.0,0.25,3,4,3,4,loyal_customers
CUST01474,161.0,7.0,14854.310965169658,0.0,0.14285714285714285,3,2,5,5,at_risk_customers
CUST01475,30.0,3.0,5080.3141037549285,0.0,0.0,2,5,2,2,new_customers
CUST01476,232.0,4.0,10477.156394712203,1.0,0.0,1,2,3,5,at_risk_customers
CUST01477,44.0,1.0,878.1230251715203,0.0,0.0,5,4,1,1,high_intent_abandoner
CUST01478,117.0,5.0,10373.349300480946,1.0,0.2,0,3,4,5,loyal_customers
CUST01479,132.0,5.0,7392.030384105709,0.0,0.4,1,3,4,3,loyal_customers
CUST01480,257.0,3.0,4613.6495963518055,2.0,0.3333333333333333,3,1,2,2,high_intent_abandoner
CUST01481,29.0,2.0,3393.1647464495113,1.0,0.5,0,5,2,1,new_customers
CUST01482,29.0,5.0,11048.417958231552,1.0,0.4,4,5,4,5,champions
CUST01483,140.0,4.0,9948.310146660522,0.0,0.25,1,3,3,4,loyal_customers
CUST01484,390.0,1.0,441.87635819151114,0.0,0.0,1,1,1,1,dormant_customers
CUST01485,66.0,3.0,6806.0329969100385,0.0,0.0,4,4,2,3,high_intent_abandoner
CUST01486,101.0,6.0,13061.902056584298,1.0,0.16666666666666666,5,3,5,5,loyal_customers
CUST01487,420.0,5.0,11052.142736512966,1.0,0.4,5,1,4,5,at_risk_customers
CUST01488,123.0,3.0,5519.940114883485,1.0,0.3333333333333333,3,3,2,2,high_intent_abandoner
CUST01489,469.0,1.0,3323.5297901297467,1.0,0.0,5,1,1,1,high_intent_abandoner
CUST01490,12.0,5.0,7813.7310493587765,1.0,0.4,1,5,4,4,champions
CUST01491,33.0,5.0,4069.014787302784,1.0,0.2,2,5,4,2,discount_sensitive_customers
CUST01492,86.0,2.0,2466.5601253896557,1.0,0.0,2,3,2,1,discount_sensitive_customers
CUST01493,95.0,6.0,10956.035971141158,2.0,0.5,0,3,5,5,high_value_unhappy
CUST01494,464.0,2.0,3891.272912827318,2.0,0.5,4,1,2,2,high_intent_abandoner
CUST01495,91.0,6.0,9105.991519194271,1.0,0.6666666666666666,3,3,5,4,loyal_customers
CUST01496,81.0,6.0,11427.65504390607,1.0,0.0,2,4,5,5,champions
CUST01497,6.0,5.0,11959.279110377145,0.0,0.0,0,5,4,5,champions
CUST01498,198.0,4.0,7933.596110970264,0.0,0.0,0,2,3,4,at_risk_customers
CUST01499,155.0,2.0,6550.799110106257,3.0,0.5,5,2,2,3,high_intent_abandoner
CUST01500,151.0,3.0,3878.163153464385,2.0,0.0,1,2,2,2,dormant_customers
CUST01501,17.0,5.0,11321.508582931536,1.0,0.0,3,5,4,5,champions
CUST01502,517.0,1.0,1026.348941124246,1.0,0.0,5,1,1,1,high_intent_abandoner
CUST01503,150.0,5.0,11199.090138586262,0.0,0.0,5,2,4,5,at_risk_customers
CUST01504,15.0,7.0,12798.681248335224,0.0,0.0,2,5,5,5,champions
CUST01505,44.0,4.0,6879.5172262968945,1.0,0.25,4,4,3,3,loyal_customers
CUST01506,26.0,5.0,10290.708964215419,0.0,0.2,5,5,4,5,champions
CUST01507,40.0,5.0,9647.159731292848,0.0,0.0,1,4,4,4,champions
CUST01508,96.0,4.0,7581.791210151909,1.0,0.0,2,3,3,4,loyal_customers
CUST01509,75.0,3.0,6069.454211480501,0.0,0.3333333333333333,0,4,2,3,new_customers
CUST01510,2.0,1.0,3268.745056919251,1.0,0.0,5,5,1,1,high_intent_abandoner
CUST01511,8.0,6.0,11754.859004325219,1.0,0.16666666666666666,4,5,5,5,champions
CUST01512,134.0,4.0,4230.474884751424,0.0,0.0,0,3,3,2,discount_sensitive_customers
CUST01513,999.0,0.0,0.0,0.0,0.0,5,1,1,1,high_intent_abandoner
CUST01514,110.0,3.0,3930.7649771635442,1.0,0.0,1,3,2,2,discount_sensitive_customers
CUST01515,564.0,2.0,3914.8138717058755,0.0,0.0,4,1,2,2,high_intent_abandoner
CUST01516,73.0,7.0,13874.648719431587,0.0,0.0,4,4,5,5,champions
CUST01517,6.0,2.0,4450.203218958914,1.0,0.0,1,5,2,2,new_customers
CUST01518,34.0,3.0,2497.3780748487666,1.0,0.0,0,5,2,1,new_customers
CUST01519,64.0,3.0,7198.019158023189,0.0,0.0,5,4,2,3,high_intent_abandoner
CUST01520,146.0,2.0,1451.0675683412874,0.0,0.0,4,3,2,1,high_intent_abandoner
CUST01521,10.0,5.0,4411.666554691197,0.0,0.4,3,5,4,2,discount_sensitive_customers
CUST01522,11.0,5.0,7309.991883357908,1.0,0.0,3,5,4,3,loyal_customers
CUST01523,20.0,5.0,10418.500595194853,1.0,0.0,5,5,4,5,champions
CUST01524,148.0,5.0,8748.711100618533,0.0,0.4,0,2,4,4,at_risk_customers
CUST01525,72.0,4.0,8925.573526868531,0.0,0.25,4,4,3,4,loyal_customers
CUST01526,159.0,4.0,8974.577873414204,1.0,0.5,0,2,3,4,at_risk_customers
CUST01527,172.0,6.0,12303.697491477327,2.0,0.0,3,2,5,5,high_value_unhappy
CUST01528,67.0,3.0,4886.16361995304,0.0,0.0,4,4,2,2,high_intent_abandoner
CUST01529,454.0,2.0,2869.8019987494336,0.0,0.0,4,1,2,1,high_intent_abandoner
CUST01530,65.0,4.0,4268.95694776964,0.0,0.0,5,4,3,2,discount_sensitive_customers
CUST01531,272.0,3.0,8191.584519044312,0.0,0.0,5,1,2,4,high_intent_abandoner
CUST01532,193.0,4.0,9269.849022722083,1.0,0.0,5,2,3,4,at_risk_customers
CUST01533,267.0,2.0,1668.3632085391064,1.0,0.0,5,1,2,1,high_intent_abandoner
CUST01534,4.0,2.0,6224.030144606069,0.0,0.5,0,5,2,3,new_customers
CUST01535,85.0,4.0,6806.501235685001,0.0,0.25,4,4,3,3,loyal_customers
CUST01536,87.0,4.0,7615.187382848482,1.0,0.0,0,3,3,4,loyal_customers
CUST01537,25.0,3.0,4973.925087262509,1.0,0.3333333333333333,2,5,2,2,new_customers
CUST01538,42.0,6.0,12365.755916732125,0.0,0.16666666666666666,2,4,5,5,champions
CUST01539,263.0,4.0,3411.2113391782323,0.0,0.0,3,1,4,1,discount_sensitive_customers
CUST01540,144.0,2.0,776.0052240946573,1.0,0.5,3,3,2,1,high_intent_abandoner
CUST01541,142.0,6.0,12936.907987211476,0.0,0.0,1,3,5,5,loyal_customers
CUST01542,50.0,4.0,8129.277907018364,0.0,0.25,2,4,4,4,champions
CUST01543,9.0,3.0,6451.204735251581,1.0,0.0,2,5,3,3,loyal_customers
CUST01544,9.0,3.0,3724.732440013092,0.0,0.0,5,5,3,2,discount_sensitive_customers
CUST01545,46.0,3.0,4728.967396132638,0.0,0.3333333333333333,5,4,3,2,discount_sensitive_customers
CUST01546,9.0,4.0,6591.597134468767,1.0,0.25,1,5,4,3,loyal_customers
CUST01547,7.0,3.0,5139.108803421668,1.0,0.0,0,5,3,2,discount_sensitive_customers
CUST01548,266.0,4.0,4716.2813992250685,1.0,0.0,2,1,4,2,discount_sensitive_customers
CUST01549,272.0,6.0,10200.482103344091,1.0,0.16666666666666666,5,1,5,4,at_risk_customers
CUST01550,179.0,3.0,8205.634170912632,0.0,0.6666666666666666,2,2,3,4,at_risk_customers
CUST01551,73.0,3.0,5121.138625296922,4.0,0.0,3,4,3,2,discount_sensitive_customers
CUST01552,328.0,6.0,7338.490960885407,0.0,0.16666666666666666,1,1,5,3,at_risk_customers
CUST01553,2.0,5.0,8565.046458623154,1.0,0.0,1,5,4,4,champions
CUST01554,55.0,6.0,8639.070835613998,2.0,0.0,3,4,5,4,high_value_unhappy
CUST01555,156.0,2.0,4680.513772481969,1.0,0.5,2,2,2,2,dormant_customers
CUST01556,44.0,4.0,6016.068536239944,2.0,0.0,4,4,4,3,loyal_customers
CUST01557,131.0,3.0,7004.558067882084,1.0,0.0,1,3,3,3,loyal_customers
CUST01558,45.0,1.0,3395.3099167860537,0.0,0.0,2,4,1,1,new_customers
CUST01559,69.0,2.0,3632.9638176458975,1.0,0.0,0,4,2,2,new_customers
CUST01560,89.0,4.0,10265.842164775568,1.0,0.0,1,3,4,5,loyal_customers
CUST01561,336.0,5.0,7868.526539463004,0.0,0.0,3,1,4,4,at_risk_customers
CUST01562,97.0,4.0,9237.96990902377,1.0,0.0,1,3,4,4,loyal_customers
CUST01563,516.0,1.0,3059.491505264227,2.0,0.0,3,1,1,1,high_intent_abandoner
CUST01564,143.0,3.0,3670.610488636562,0.0,0.3333333333333333,0,3,3,2,discount_sensitive_customers
CUST01565,75.0,6.0,13086.279112359247,2.0,0.3333333333333333,2,4,5,5,high_value_unhappy
CUST01566,473.0,1.0,1839.051147522613,1.0,1.0,3,1,1,1,high_intent_abandoner
CUST01567,461.0,1.0,3497.9755935427197,2.0,0.0,3,1,1,1,high_intent_abandoner
CUST01568,104.0,6.0,15004.946100542064,2.0,0.0,5,3,5,5,high_value_unhappy
CUST01569,294.0,4.0,5278.765850364138,1.0,0.0,0,1,4,2,discount_sensitive_customers
CUST01570,173.0,2.0,1850.9025922612182,1.0,0.0,4,2,2,1,high_intent_abandoner
CUST01571,240.0,4.0,10247.116369743237,0.0,0.25,1,2,4,4,at_risk_customers
CUST01572,147.0,4.0,11239.581900329049,2.0,0.0,5,3,4,5,high_value_unhappy
CUST01573,120.0,7.0,9646.811945887026,0.0,0.2857142857142857,4,3,5,4,loyal_customers
CUST01574,145.0,9.0,13775.87726915263,0.0,0.1111111111111111,1,3,5,5,loyal_customers
CUST01575,292.0,7.0,10473.68064949229,2.0,0.2857142857142857,0,1,5,5,high_value_unhappy
CUST01576,98.0,2.0,5977.977847034879,1.0,0.0,0,3,2,3,discount_sensitive_customers
CUST01577,21.0,5.0,10659.744621031094,2.0,0.2,4,5,4,5,high_value_unhappy
CUST01578,75.0,4.0,8865.789902411641,0.0,0.25,0,4,4,4,champions
CUST01579,61.0,3.0,4741.397992000521,0.0,0.0,2,4,3,2,discount_sensitive_customers
CUST01580,93.0,5.0,10501.700393190164,1.0,0.0,4,3,4,5,loyal_customers
CUST01581,458.0,1.0,1743.6621788618393,0.0,0.0,3,1,1,1,high_intent_abandoner
CUST01582,50.0,5.0,10948.376604777095,0.0,0.4,3,4,4,5,champions
CUST01583,39.0,5.0,8354.241956182495,1.0,0.2,0,4,4,4,champions
CUST01584,144.0,4.0,4655.277518653723,0.0,0.25,0,3,4,2,discount_sensitive_customers
CUST01585,364.0,3.0,7933.460333166862,2.0,0.6666666666666666,1,1,3,4,high_value_unhappy
CUST01586,72.0,7.0,13520.183396441329,0.0,0.14285714285714285,4,4,5,5,champions
CUST01587,77.0,1.0,2868.206705708797,0.0,0.0,5,4,1,1,high_intent_abandoner
CUST01588,80.0,3.0,4653.838688521913,3.0,0.0,4,4,3,2,discount_sensitive_customers
CUST01589,113.0,4.0,7051.60210254212,1.0,0.0,2,3,4,3,loyal_customers
CUST01590,72.0,4.0,10827.95036208901,0.0,0.0,3,4,4,5,champions
CUST01591,72.0,5.0,8692.326455109538,3.0,0.2,3,4,4,4,high_value_unhappy
CUST01592,69.0,4.0,11092.408015783236,1.0,0.0,2,4,4,5,champions
CUST01593,163.0,4.0,3887.2176630132167,0.0,0.0,1,2,4,2,discount_sensitive_customers
CUST01594,999.0,0.0,0.0,1.0,0.0,2,1,1,1,dormant_customers
CUST01595,47.0,5.0,5563.617250774281,1.0,0.0,1,4,4,3,loyal_customers
CUST01596,9.0,2.0,4185.580531538628,2.0,0.0,1,5,2,2,new_customers
CUST01597,153.0,7.0,11409.939027446904,1.0,0.0,5,2,5,5,at_risk_customers
CUST01598,110.0,5.0,8168.511344953114,0.0,0.0,1,3,4,4,loyal_customers
CUST01599,5.0,5.0,11226.425856897295,0.0,0.0,0,5,4,5,champions
CUST01600,2.0,3.0,6494.887392072935,1.0,0.3333333333333333,0,5,3,3,loyal_customers
CUST01601,353.0,3.0,5560.901140390895,0.0,0.0,1,1,3,3,at_risk_customers
CUST01602,6.0,6.0,8694.179458562903,1.0,0.0,2,5,5,4,champions
CUST01603,0.0,3.0,4692.916573299079,0.0,0.0,2,5,3,2,discount_sensitive_customers
CUST01604,11.0,7.0,19327.957720638566,1.0,0.0,2,5,5,5,champions
CUST01605,72.0,5.0,8620.056998627546,0.0,0.0,0,4,4,4,champions
CUST01606,123.0,5.0,5526.650379790302,0.0,0.0,5,3,4,2,discount_sensitive_customers
CUST01607,468.0,1.0,3314.245837645739,2.0,0.0,1,1,1,1,dormant_customers
CUST01608,5.0,6.0,7629.215737687688,2.0,0.3333333333333333,3,5,5,4,high_value_unhappy
CUST01609,48.0,1.0,155.4919229176408,1.0,0.0,2,4,1,1,new_customers
CUST01610,48.0,3.0,4777.494095712628,1.0,0.0,5,4,3,2,discount_sensitive_customers
CUST01611,135.0,3.0,4693.9076891110035,0.0,0.0,0,3,3,2,discount_sensitive_customers
CUST01612,453.0,1.0,557.9174266448421,0.0,0.0,4,1,1,1,high_intent_abandoner
CUST01613,73.0,5.0,6855.411461940867,1.0,0.0,1,4,4,3,loyal_customers
CUST01614,17.0,4.0,10543.97945270794,0.0,0.25,2,5,4,5,champions
CUST01615,321.0,3.0,5661.017434336578,0.0,0.0,0,1,3,3,at_risk_customers
CUST01616,445.0,1.0,2829.6075354485906,3.0,0.0,4,1,1,1,high_intent_abandoner
CUST01617,190.0,1.0,562.4764236475845,0.0,0.0,1,2,1,1,dormant_customers
CUST01618,9.0,1.0,2664.1369433699683,1.0,0.0,3,5,1,1,high_intent_abandoner
CUST01619,536.0,2.0,2345.2245485994245,0.0,0.5,1,1,2,1,dormant_customers
CUST01620,94.0,5.0,8602.536459475448,0.0,0.0,1,3,4,4,loyal_customers
CUST01621,143.0,3.0,6032.080601379338,0.0,0.0,2,3,3,3,loyal_customers
CUST01622,29.0,2.0,4039.2012864718718,1.0,0.0,5,5,2,2,high_intent_abandoner
CUST01623,409.0,3.0,6627.037979959903,0.0,0.3333333333333333,1,1,3,3,at_risk_customers
CUST01624,999.0,0.0,0.0,1.0,0.0,4,1,1,1,high_intent_abandoner
CUST01625,29.0,5.0,14330.719154232407,0.0,0.0,4,5,4,5,champions
CUST01626,194.0,9.0,19467.279488925746,0.0,0.0,1,2,5,5,at_risk_customers
CUST01627,999.0,0.0,0.0,0.0,0.0,1,1,1,1,dormant_customers
CUST01628,346.0,2.0,5340.8514694691785,0.0,0.0,5,1,2,2,high_intent_abandoner
CUST01629,199.0,4.0,4408.93742154478,1.0,0.25,4,2,4,2,discount_sensitive_customers
CUST01630,124.0,7.0,12494.96806493898,1.0,0.0,4,3,5,5,loyal_customers
CUST01631,38.0,5.0,9967.257553410373,1.0,0.2,2,4,4,4,champions
CUST01632,19.0,5.0,9803.178920182263,0.0,0.0,3,5,4,4,champions
CUST01633,47.0,3.0,8511.034565303482,0.0,0.0,4,4,3,4,loyal_customers
CUST01634,41.0,5.0,13662.37591341401,0.0,0.2,3,4,4,5,champions
CUST01635,149.0,2.0,5905.189270512568,0.0,0.0,3,2,2,3,high_intent_abandoner
CUST01636,116.0,7.0,15727.706830343155,1.0,0.0,4,3,5,5,loyal_customers
CUST01637,155.0,8.0,19056.998470796425,0.0,0.0,5,2,5,5,at_risk_customers
CUST01638,15.0,4.0,10160.024561666956,1.0,0.0,5,5,4,4,champions
CUST01639,25.0,6.0,9966.974683125944,0.0,0.16666666666666666,2,5,5,4,champions
CUST01640,410.0,3.0,4337.537753618115,0.0,0.0,1,1,3,2,discount_sensitive_customers
CUST01641,48.0,4.0,8088.440297431124,2.0,0.0,5,4,4,4,high_value_unhappy
CUST01642,368.0,5.0,8576.738823437876,0.0,0.2,0,1,4,4,at_risk_customers
CUST01643,171.0,6.0,9962.852175539729,0.0,0.3333333333333333,1,2,5,4,at_risk_customers
CUST01644,154.0,3.0,7856.831937683799,1.0,0.0,0,2,3,4,at_risk_customers
CUST01645,114.0,5.0,10492.511910960278,1.0,0.2,4,3,4,5,loyal_customers
CUST01646,77.0,6.0,12817.220921546383,0.0,0.0,1,4,5,5,champions
CUST01647,283.0,5.0,9363.939762170412,2.0,0.2,1,1,4,4,high_value_unhappy
CUST01648,58.0,2.0,3911.0522343823345,1.0,0.0,0,4,2,2,new_customers
CUST01649,139.0,4.0,7605.068848387893,0.0,0.0,2,3,4,4,loyal_customers
CUST01650,65.0,6.0,7216.483704992556,2.0,0.16666666666666666,5,4,5,3,loyal_customers
CUST01651,999.0,0.0,0.0,0.0,0.0,4,1,1,1,high_intent_abandoner
CUST01652,554.0,1.0,365.24344734902644,0.0,0.0,4,1,1,1,high_intent_abandoner
CUST01653,999.0,0.0,0.0,0.0,0.0,5,1,1,1,high_intent_abandoner
CUST01654,455.0,1.0,352.7751862210791,0.0,0.0,4,1,1,1,high_intent_abandoner
CUST01655,4.0,4.0,8305.802564843547,2.0,0.0,1,5,4,4,high_value_unhappy
CUST01656,210.0,2.0,4153.729361455398,0.0,0.0,3,2,2,2,high_intent_abandoner
CUST01657,0.0,4.0,8254.490042395973,1.0,0.0,0,5,4,4,champions
CUST01658,70.0,3.0,4465.677545788957,1.0,0.0,5,4,3,2,discount_sensitive_customers
CUST01659,160.0,4.0,7811.150078006305,0.0,0.0,1,2,4,4,at_risk_customers
CUST01660,21.0,4.0,7089.450357687104,2.0,0.5,2,5,4,3,loyal_customers
CUST01661,150.0,7.0,13723.983608037852,1.0,0.0,2,2,5,5,at_risk_customers
CUST01662,100.0,2.0,1610.3441081953583,0.0,0.0,1,3,2,1,discount_sensitive_customers
CUST01663,999.0,0.0,0.0,1.0,0.0,0,1,1,1,dormant_customers
CUST01664,4.0,6.0,10659.883374035118,2.0,0.16666666666666666,5,5,5,5,high_value_unhappy
CUST01665,14.0,4.0,6868.303108407583,1.0,0.5,4,5,4,3,loyal_customers
CUST01666,25.0,1.0,1721.0419635216604,0.0,0.0,4,5,1,1,high_intent_abandoner
CUST01667,104.0,4.0,4054.949652426058,1.0,0.0,3,3,4,2,discount_sensitive_customers
CUST01668,39.0,3.0,7382.880343900864,2.0,0.3333333333333333,5,4,3,3,loyal_customers
CUST01669,68.0,3.0,6782.727757614741,1.0,0.0,1,4,3,3,loyal_customers
CUST01670,252.0,3.0,4874.555376726379,0.0,0.0,3,2,3,2,discount_sensitive_customers
CUST01671,443.0,1.0,2691.581904946446,2.0,0.0,2,1,1,1,dormant_customers
CUST01672,570.0,1.0,3314.2889035046496,2.0,0.0,4,1,1,1,high_intent_abandoner
CUST01673,248.0,3.0,3738.322677102601,1.0,0.0,5,2,3,2,discount_sensitive_customers
CUST01674,27.0,6.0,9912.052542294026,0.0,0.0,4,5,5,4,champions
CUST01675,150.0,2.0,5924.276438482819,0.0,0.5,3,2,2,3,high_intent_abandoner
CUST01676,442.0,3.0,6707.332850573048,0.0,0.6666666666666666,1,1,3,3,at_risk_customers
CUST01677,157.0,6.0,10924.591062878832,1.0,0.0,3,2,5,5,at_risk_customers
CUST01678,284.0,7.0,12652.369848379898,0.0,0.0,5,1,5,5,at_risk_customers
CUST01679,191.0,4.0,7287.425489481498,0.0,0.0,2,2,4,3,at_risk_customers
CUST01680,114.0,3.0,7440.2729361572865,1.0,0.0,5,3,3,3,loyal_customers
CUST01681,24.0,4.0,9487.486060525785,1.0,0.0,1,5,4,4,champions
CUST01682,10.0,7.0,13599.012092359808,0.0,0.0,5,5,5,5,champions
CUST01683,1.0,7.0,12614.129372444766,1.0,0.14285714285714285,2,5,5,5,champions
CUST01684,497.0,2.0,3836.050716920621,2.0,0.0,1,1,2,2,dormant_customers
CUST01685,219.0,2.0,2691.0713795493966,0.0,0.5,3,2,2,1,high_intent_abandoner
CUST01686,207.0,3.0,2424.67586529021,0.0,0.3333333333333333,0,2,3,1,discount_sensitive_customers
CUST01687,16.0,5.0,8020.857791303412,2.0,0.2,3,5,4,4,high_value_unhappy
CUST01688,40.0,6.0,8126.983302661087,1.0,0.0,1,4,5,4,champions
CUST01689,135.0,2.0,1773.5719152157794,2.0,0.0,5,3,2,1,high_intent_abandoner
CUST01690,127.0,5.0,4536.453059259476,1.0,0.0,2,3,4,2,discount_sensitive_customers
CUST01691,238.0,4.0,11863.06548247796,0.0,0.0,3,2,4,5,at_risk_customers
CUST01692,278.0,3.0,6213.793269154537,0.0,0.3333333333333333,1,1,3,3,at_risk_customers
CUST01693,39.0,3.0,5861.650861144168,2.0,0.0,2,4,3,3,loyal_customers
CUST01694,261.0,6.0,13537.338042066225,0.0,0.0,2,1,5,5,at_risk_customers
CUST01695,298.0,3.0,3524.925122339539,1.0,0.3333333333333333,2,1,3,2,discount_sensitive_customers
CUST01696,90.0,6.0,9464.84667825984,2.0,0.0,5,3,5,4,high_value_unhappy
CUST01697,27.0,2.0,3661.0234368316733,2.0,0.0,1,5,2,2,new_customers
CUST01698,162.0,2.0,3153.8042442535243,1.0,0.0,2,2,2,1,dormant_customers
CUST01699,59.0,7.0,12781.369755892254,0.0,0.0,2,4,5,5,champions
CUST01700,127.0,4.0,7475.040859058454,1.0,0.25,3,3,4,3,loyal_customers
CUST01701,99.0,4.0,7458.933659540982,0.0,0.0,2,3,4,3,loyal_customers
CUST01702,66.0,4.0,3034.9767419637133,1.0,0.0,5,4,4,1,discount_sensitive_customers
CUST01703,401.0,5.0,12060.293949042047,0.0,0.0,0,1,4,5,at_risk_customers
CUST01704,124.0,3.0,4376.532309927124,0.0,0.0,1,3,3,2,discount_sensitive_customers
CUST01705,376.0,3.0,7268.123536823232,0.0,0.0,2,1,3,3,at_risk_customers
CUST01706,69.0,5.0,11086.841970588972,0.0,0.2,2,4,4,5,champions
CUST01707,47.0,4.0,8715.961407140163,1.0,0.25,4,4,4,4,champions
CUST01708,208.0,1.0,897.75062240901,0.0,0.0,3,2,1,1,high_intent_abandoner
CUST01709,73.0,5.0,7935.368118565307,2.0,0.2,2,4,4,4,high_value_unhappy
CUST01710,144.0,3.0,8423.065047348917,1.0,0.0,3,3,3,4,loyal_customers
CUST01711,2.0,7.0,13902.938666987387,2.0,0.14285714285714285,3,5,5,5,high_value_unhappy
CUST01712,300.0,4.0,4380.965876024751,1.0,0.25,0,1,4,2,discount_sensitive_customers
CUST01713,191.0,3.0,7219.256383369306,0.0,0.0,1,2,3,3,at_risk_customers
CUST01714,999.0,0.0,0.0,0.0,0.0,0,1,1,1,dormant_customers
CUST01715,271.0,4.0,5459.141433217678,1.0,0.0,1,1,4,2,discount_sensitive_customers
CUST01716,15.0,7.0,12165.090679369907,1.0,0.2857142857142857,4,5,5,5,champions
CUST01717,34.0,8.0,18992.497938517594,0.0,0.125,0,5,5,5,champions
CUST01718,23.0,4.0,11099.772682334435,0.0,0.0,3,5,4,5,champions
CUST01719,329.0,1.0,1636.0389368362348,0.0,0.0,2,1,1,1,dormant_customers
CUST01720,284.0,4.0,5558.095209514306,0.0,0.0,4,1,4,3,at_risk_customers
CUST01721,376.0,1.0,3208.2344668192895,2.0,0.0,1,1,1,1,dormant_customers
CUST01722,88.0,4.0,10331.9992102731,1.0,0.0,0,3,4,5,loyal_customers
CUST01723,104.0,5.0,8610.44628976873,1.0,0.0,4,3,4,4,loyal_customers
CUST01724,79.0,4.0,9964.334392625457,2.0,0.0,5,4,4,4,high_value_unhappy
CUST01725,51.0,9.0,19445.15394844039,0.0,0.1111111111111111,0,4,5,5,champions
CUST01726,175.0,5.0,3412.429579225351,2.0,0.0,3,2,4,1,discount_sensitive_customers
CUST01727,176.0,3.0,3279.4418353818655,2.0,0.0,5,2,3,1,discount_sensitive_customers
CUST01728,106.0,4.0,6089.443715093078,1.0,0.5,0,3,4,3,loyal_customers
CUST01729,49.0,4.0,7124.903286024339,1.0,0.0,1,4,4,3,loyal_customers
CUST01730,280.0,4.0,3988.085200734056,0.0,0.0,5,1,4,2,discount_sensitive_customers
CUST01731,999.0,0.0,0.0,0.0,0.0,5,1,1,1,high_intent_abandoner
CUST01732,110.0,4.0,6610.4773263537,1.0,0.25,1,3,4,3,loyal_customers
CUST01733,257.0,1.0,814.9852505615942,1.0,0.0,2,1,1,1,dormant_customers
CUST01734,61.0,5.0,9655.947027395936,0.0,0.2,2,4,4,4,champions
CUST01735,15.0,3.0,6211.305450515605,0.0,0.0,1,5,3,3,loyal_customers
CUST01736,233.0,4.0,7963.073906731863,0.0,0.25,1,2,4,4,at_risk_customers
CUST01737,11.0,6.0,11702.434968560243,0.0,0.0,1,5,5,5,champions
CUST01738,155.0,2.0,3253.4997541733105,1.0,0.0,4,2,2,1,high_intent_abandoner
CUST01739,80.0,3.0,5228.287969376781,2.0,0.0,5,4,3,2,discount_sensitive_customers
CUST01740,42.0,2.0,3498.7937802401816,2.0,0.5,0,4,2,1,new_customers
CUST01741,999.0,0.0,0.0,1.0,0.0,4,1,1,1,high_intent_abandoner
CUST01742,4.0,6.0,10856.23827497218,0.0,0.0,3,5,5,5,champions
CUST01743,44.0,2.0,4155.712726951371,1.0,0.0,2,4,2,2,new_customers
CUST01744,167.0,4.0,7594.689652018581,0.0,0.0,0,2,4,4,at_risk_customers
CUST01745,54.0,1.0,1562.7336190153446,0.0,0.0,2,4,1,1,new_customers
CUST01746,291.0,3.0,8221.423682175604,0.0,0.0,3,1,3,4,at_risk_customers
CUST01747,340.0,3.0,6409.647892535389,0.0,0.3333333333333333,1,1,3,3,at_risk_customers
CUST01748,999.0,0.0,0.0,0.0,0.0,2,1,1,1,dormant_customers
CUST01749,335.0,3.0,7297.213662065467,0.0,0.0,1,1,3,3,at_risk_customers
CUST01750,22.0,7.0,10602.677392154901,1.0,0.14285714285714285,2,5,5,5,champions
CUST01751,19.0,5.0,9070.046332501668,2.0,0.0,3,5,4,4,high_value_unhappy
CUST01752,51.0,7.0,14891.74771991526,0.0,0.14285714285714285,2,4,5,5,champions
CUST01753,82.0,2.0,3126.835304489077,0.0,0.0,3,4,2,1,high_intent_abandoner
CUST01754,38.0,4.0,6496.672114728351,2.0,0.0,0,4,4,3,loyal_customers
CUST01755,399.0,4.0,8545.712300396608,0.0,0.25,4,1,4,4,at_risk_customers
CUST01756,27.0,6.0,13987.070333311935,1.0,0.0,3,5,5,5,champions
CUST01757,143.0,3.0,4908.37801984267,0.0,0.0,2,3,3,2,discount_sensitive_customers
CUST01758,96.0,7.0,16581.01481853431,0.0,0.0,0,3,5,5,loyal_customers
CUST01759,121.0,5.0,8750.92140173397,1.0,0.2,3,3,4,4,loyal_customers
CUST01760,64.0,6.0,12593.425890792987,3.0,0.3333333333333333,2,4,5,5,high_value_unhappy
CUST01761,123.0,2.0,4115.829456294729,0.0,0.0,5,3,2,2,high_intent_abandoner
CUST01762,66.0,2.0,5255.535321178788,0.0,0.0,3,4,2,2,high_intent_abandoner
CUST01763,9.0,3.0,7216.942498219971,1.0,0.0,3,5,3,3,loyal_customers
CUST01764,261.0,4.0,7377.128834674482,2.0,0.0,1,1,4,3,at_risk_customers
CUST01765,108.0,3.0,6342.243975816306,0.0,0.0,2,3,3,3,loyal_customers
CUST01766,357.0,1.0,1394.68557718929,1.0,0.0,4,1,1,1,high_intent_abandoner
CUST01767,17.0,1.0,2833.887185708294,1.0,0.0,3,5,1,1,high_intent_abandoner
CUST01768,337.0,2.0,3123.4305806971,0.0,0.0,0,1,2,1,dormant_customers
CUST01769,426.0,2.0,5951.575319343614,0.0,0.0,2,1,2,3,dormant_customers
CUST01770,34.0,2.0,3422.910276964223,1.0,0.0,4,5,2,1,high_intent_abandoner
CUST01771,121.0,2.0,1778.8337877365154,0.0,0.5,2,3,2,1,discount_sensitive_customers
CUST01772,223.0,5.0,10482.205787598248,2.0,0.2,5,2,4,5,high_value_unhappy
CUST01773,38.0,9.0,15229.575695998878,2.0,0.1111111111111111,4,4,5,5,high_value_unhappy
CUST01774,48.0,6.0,14882.005726467673,0.0,0.0,4,4,5,5,champions
CUST01775,170.0,4.0,7081.9477758246,2.0,0.25,3,2,4,3,at_risk_customers
CUST01776,271.0,2.0,4505.684439125115,0.0,0.0,1,1,2,2,dormant_customers
CUST01777,109.0,2.0,1587.7102054897719,2.0,0.0,2,3,2,1,discount_sensitive_customers
CUST01778,10.0,8.0,16124.460946454441,1.0,0.0,0,5,5,5,champions
CUST01779,78.0,4.0,10110.951757352348,1.0,0.0,5,4,4,4,champions
CUST01780,50.0,7.0,10512.963390534547,1.0,0.14285714285714285,0,4,5,5,champions
CUST01781,327.0,4.0,10391.578582535665,1.0,0.0,1,1,4,5,at_risk_customers
CUST01782,116.0,7.0,13184.468217555761,2.0,0.14285714285714285,0,3,5,5,high_value_unhappy
CUST01783,66.0,4.0,7928.771375681268,0.0,0.25,2,4,4,4,champions
CUST01784,263.0,1.0,1013.6225493906925,3.0,0.0,0,1,1,1,dormant_customers
CUST01785,231.0,3.0,4482.37853890624,1.0,0.0,5,2,3,2,discount_sensitive_customers
CUST01786,84.0,3.0,6665.841128184864,1.0,0.6666666666666666,2,4,3,3,loyal_customers
CUST01787,47.0,2.0,2816.537363079309,1.0,0.5,4,4,2,1,high_intent_abandoner
CUST01788,14.0,5.0,8843.783709067704,1.0,0.2,3,5,4,4,champions
CUST01789,30.0,3.0,3181.835808479731,0.0,0.0,1,5,3,1,discount_sensitive_customers
CUST01790,128.0,2.0,3258.8812242469903,0.0,0.0,1,3,2,1,discount_sensitive_customers
CUST01791,53.0,5.0,4308.268580467083,1.0,0.0,0,4,4,2,discount_sensitive_customers
CUST01792,236.0,2.0,5586.9977696295555,0.0,0.0,2,2,2,3,dormant_customers
CUST01793,53.0,6.0,7932.313646656705,0.0,0.3333333333333333,5,4,5,4,champions
CUST01794,485.0,2.0,5908.422090973469,3.0,0.0,3,1,2,3,high_intent_abandoner
CUST01795,156.0,5.0,11639.538424348302,0.0,0.2,5,2,4,5,at_risk_customers
CUST01796,364.0,3.0,4328.357341782368,1.0,0.3333333333333333,0,1,3,2,discount_sensitive_customers
CUST01797,289.0,4.0,8077.291522613176,2.0,0.25,5,1,4,4,high_value_unhappy
CUST01798,117.0,3.0,2744.570109955474,1.0,0.0,3,3,3,1,discount_sensitive_customers
CUST01799,25.0,5.0,8896.044519575118,0.0,0.0,2,5,4,4,champions
CUST01800,24.0,8.0,15927.356984712835,0.0,0.375,5,5,5,5,champions
CUST01801,236.0,3.0,6451.423765844143,1.0,0.0,0,2,3,3,at_risk_customers
CUST01802,204.0,3.0,5570.35417528654,0.0,0.0,0,2,3,3,at_risk_customers
CUST01803,22.0,4.0,7598.891299557791,1.0,0.25,5,5,4,4,champions
CUST01804,416.0,1.0,1000.5032625225898,1.0,0.0,3,1,1,1,high_intent_abandoner
CUST01805,583.0,2.0,4632.532782520285,1.0,0.0,0,1,2,2,dormant_customers
CUST01806,226.0,4.0,5379.732625606654,0.0,0.25,5,2,4,2,discount_sensitive_customers
CUST01807,7.0,7.0,15553.829651900161,2.0,0.2857142857142857,3,5,5,5,high_value_unhappy
CUST01808,999.0,0.0,0.0,0.0,0.0,5,1,1,1,high_intent_abandoner
CUST01809,73.0,5.0,9133.402530056073,0.0,0.2,5,4,4,4,champions
CUST01810,225.0,2.0,1243.4197291660544,0.0,0.0,2,2,2,1,dormant_customers
CUST01811,27.0,9.0,16214.314612452514,0.0,0.1111111111111111,3,5,5,5,champions
CUST01812,16.0,3.0,7727.312486353156,2.0,0.0,2,5,3,4,high_value_unhappy
CUST01813,436.0,1.0,3218.0671215241705,2.0,0.0,2,1,1,1,dormant_customers
CUST01814,91.0,4.0,6546.817450142136,1.0,0.25,4,3,4,3,loyal_customers
CUST01815,5.0,4.0,7610.895522291012,1.0,0.0,3,5,4,4,champions
CUST01816,48.0,4.0,4096.812379848718,1.0,0.0,1,4,4,2,discount_sensitive_customers
CUST01817,251.0,4.0,7749.254493199583,1.0,0.0,4,2,4,4,at_risk_customers
CUST01818,60.0,2.0,5462.091845538056,2.0,1.0,4,4,2,2,high_intent_abandoner
CUST01819,357.0,4.0,9595.491821196092,0.0,0.0,3,1,4,4,at_risk_customers
CUST01820,25.0,4.0,7284.024234781721,2.0,0.25,4,5,4,3,loyal_customers
CUST01821,98.0,3.0,5649.470490868076,3.0,0.0,4,3,3,3,loyal_customers
CUST01822,78.0,6.0,7813.34125150432,1.0,0.0,0,4,5,4,champions
CUST01823,142.0,4.0,6586.421361595928,2.0,0.0,2,3,4,3,loyal_customers
CUST01824,80.0,8.0,13929.68537730373,0.0,0.25,1,4,5,5,champions
CUST01825,78.0,5.0,6088.016915790945,0.0,0.2,3,4,4,3,loyal_customers
CUST01826,152.0,4.0,6886.428064445452,1.0,0.0,0,2,4,3,at_risk_customers
CUST01827,124.0,4.0,8132.080923718768,1.0,0.0,5,3,4,4,loyal_customers
CUST01828,140.0,5.0,11400.735674031006,0.0,0.0,5,3,4,5,loyal_customers
CUST01829,167.0,4.0,4392.230371722542,2.0,0.5,1,2,4,2,discount_sensitive_customers
CUST01830,262.0,1.0,2885.6855742823336,1.0,0.0,1,1,1,1,dormant_customers
CUST01831,199.0,3.0,3721.613570533593,0.0,0.3333333333333333,0,2,3,2,discount_sensitive_customers
CUST01832,74.0,4.0,3118.912682610212,2.0,0.25,5,4,4,1,discount_sensitive_customers
CUST01833,228.0,3.0,6400.966396444052,1.0,0.3333333333333333,3,2,3,3,at_risk_customers
CUST01834,0.0,4.0,5418.294072276964,2.0,0.0,2,5,4,2,discount_sensitive_customers
CUST01835,7.0,5.0,6452.04688379099,1.0,0.2,0,5,4,3,loyal_customers
CUST01836,41.0,2.0,4537.097472519918,0.0,0.0,4,4,2,2,high_intent_abandoner
CUST01837,88.0,4.0,7652.179197651322,1.0,0.0,5,3,4,4,loyal_customers
CUST01838,36.0,2.0,5615.971874744855,2.0,0.0,1,4,2,3,new_customers
CUST01839,47.0,4.0,5478.467827197783,1.0,0.0,4,4,4,2,discount_sensitive_customers
CUST01840,181.0,2.0,3098.0201645584643,2.0,0.0,3,2,2,1,high_intent_abandoner
CUST01841,289.0,2.0,6033.788096219507,1.0,0.5,5,1,2,3,high_intent_abandoner
CUST01842,232.0,1.0,440.8528347506696,1.0,0.0,5,2,1,1,high_intent_abandoner
CUST01843,51.0,5.0,11595.621983817913,2.0,0.0,2,4,4,5,high_value_unhappy
CUST01844,22.0,4.0,9364.014266043552,0.0,0.0,2,5,4,4,champions
CUST01845,11.0,1.0,813.5271581026674,1.0,0.0,2,5,1,1,new_customers
CUST01846,125.0,5.0,9670.849787306042,0.0,0.0,5,3,4,4,loyal_customers
CUST01847,510.0,1.0,3270.6623933768674,1.0,0.0,4,1,1,1,high_intent_abandoner
CUST01848,69.0,6.0,12602.037702453737,0.0,0.16666666666666666,3,4,5,5,champions
CUST01849,266.0,5.0,9244.998386274998,1.0,0.4,4,1,4,4,at_risk_customers
CUST01850,114.0,2.0,1160.7269112651572,0.0,0.5,5,3,2,1,high_intent_abandoner
CUST01851,2.0,5.0,13931.982853738653,1.0,0.2,1,5,4,5,champions
CUST01852,143.0,6.0,9976.47338889461,5.0,0.16666666666666666,2,3,5,4,high_value_unhappy
CUST01853,278.0,1.0,646.8450675701432,0.0,0.0,3,1,1,1,high_intent_abandoner
CUST01854,121.0,4.0,8722.733697664535,1.0,0.25,4,3,4,4,loyal_customers
CUST01855,211.0,6.0,12767.528154244077,2.0,0.16666666666666666,4,2,5,5,high_value_unhappy
CUST01856,27.0,9.0,10332.534289050533,0.0,0.1111111111111111,4,5,5,5,champions
CUST01857,234.0,3.0,7620.455600021783,1.0,0.0,4,2,3,4,at_risk_customers
CUST01858,83.0,5.0,12014.333448243273,0.0,0.2,5,4,4,5,champions
CUST01859,331.0,2.0,3206.0099120212562,0.0,0.0,4,1,2,1,high_intent_abandoner
CUST01860,79.0,4.0,6798.877816189101,0.0,0.0,1,4,4,3,loyal_customers
CUST01861,58.0,6.0,9038.156466064143,0.0,0.3333333333333333,2,4,5,4,champions
CUST01862,94.0,4.0,7937.524103837081,2.0,0.25,4,3,4,4,high_value_unhappy
CUST01863,104.0,2.0,5525.913414750357,0.0,0.5,1,3,2,2,discount_sensitive_customers
CUST01864,23.0,6.0,10806.046394653316,1.0,0.0,5,5,5,5,champions
CUST01865,600.0,1.0,1045.502574936839,0.0,0.0,3,1,1,1,high_intent_abandoner
CUST01866,8.0,6.0,7778.716522611958,1.0,0.0,3,5,5,4,champions
CUST01867,131.0,5.0,9002.938374775424,0.0,0.0,5,3,4,4,loyal_customers
CUST01868,38.0,1.0,514.6652470087963,0.0,0.0,1,4,1,1,new_customers
CUST01869,96.0,5.0,10404.328819784272,1.0,0.2,1,3,4,5,loyal_customers
CUST01870,7.0,4.0,4772.161454101754,2.0,0.0,1,5,4,2,discount_sensitive_customers
CUST01871,370.0,3.0,3731.862231666936,0.0,0.0,3,1,3,2,discount_sensitive_customers
CUST01872,22.0,1.0,822.4695323251608,0.0,0.0,4,5,1,1,high_intent_abandoner
CUST01873,123.0,6.0,14867.901012540073,0.0,0.0,2,3,5,5,loyal_customers
CUST01874,8.0,6.0,6869.184342381366,1.0,0.16666666666666666,4,5,5,3,loyal_customers
CUST01875,103.0,4.0,8577.225606125825,3.0,0.0,0,3,4,4,high_value_unhappy
CUST01876,43.0,7.0,8611.059129568192,1.0,0.0,1,4,5,4,champions
CUST01877,111.0,3.0,7099.2954579537745,0.0,0.0,4,3,3,3,loyal_customers
CUST01878,328.0,2.0,2117.290590416613,2.0,0.0,2,1,2,1,dormant_customers
CUST01879,222.0,7.0,14866.237834550055,0.0,0.14285714285714285,4,2,5,5,at_risk_customers
CUST01880,97.0,3.0,4114.682521456122,0.0,0.0,0,3,3,2,discount_sensitive_customers
CUST01881,55.0,3.0,5438.14778026213,0.0,0.3333333333333333,0,4,3,2,discount_sensitive_customers
CUST01882,189.0,9.0,13496.305074648733,2.0,0.3333333333333333,4,2,5,5,high_value_unhappy
CUST01883,11.0,4.0,7522.353739141792,1.0,0.25,5,5,4,3,loyal_customers
CUST01884,60.0,2.0,3511.052966961747,1.0,0.5,5,4,2,2,high_intent_abandoner
CUST01885,226.0,5.0,9093.352122745862,0.0,0.0,5,2,4,4,at_risk_customers
CUST01886,98.0,3.0,5029.301647462184,0.0,0.0,2,3,3,2,discount_sensitive_customers
CUST01887,46.0,3.0,4669.232892885389,0.0,0.0,4,4,3,2,discount_sensitive_customers
CUST01888,71.0,5.0,11122.604798597858,1.0,0.2,1,4,4,5,champions
CUST01889,118.0,2.0,2630.254381961651,2.0,0.5,2,3,2,1,discount_sensitive_customers
CUST01890,45.0,4.0,3972.300144528772,1.0,0.0,3,4,4,2,discount_sensitive_customers
CUST01891,27.0,6.0,16048.193739538112,1.0,0.3333333333333333,2,5,5,5,champions
CUST01892,129.0,3.0,5091.982471474851,1.0,0.0,4,3,3,2,discount_sensitive_customers
CUST01893,12.0,8.0,11921.652111080532,1.0,0.5,4,5,5,5,champions
CUST01894,205.0,6.0,13434.72711811298,1.0,0.0,3,2,5,5,at_risk_customers
CUST01895,58.0,5.0,9047.029943624226,1.0,0.0,0,4,4,4,champions
CUST01896,243.0,5.0,11103.161691791549,0.0,0.2,4,2,4,5,at_risk_customers
CUST01897,174.0,3.0,1984.815793370117,1.0,0.0,0,2,3,1,discount_sensitive_customers
CUST01898,363.0,3.0,5680.132676749841,1.0,0.3333333333333333,0,1,3,3,at_risk_customers
CUST01899,251.0,2.0,4608.310184312309,1.0,0.0,1,2,2,2,dormant_customers
CUST01900,273.0,2.0,3697.8929091659643,0.0,0.0,5,1,2,2,high_intent_abandoner
CUST01901,8.0,5.0,12928.225282900194,1.0,0.0,0,5,4,5,champions
CUST01902,16.0,7.0,9379.18840421586,3.0,0.14285714285714285,2,5,5,4,high_value_unhappy
CUST01903,438.0,2.0,1305.0377332311032,1.0,0.0,5,1,2,1,high_intent_abandoner
CUST01904,84.0,5.0,14426.106571464281,1.0,0.4,0,4,4,5,champions
CUST01905,146.0,3.0,3832.1774256897534,0.0,0.0,5,3,3,2,discount_sensitive_customers
CUST01906,274.0,2.0,3031.6502667114773,0.0,0.0,1,1,2,1,dormant_customers
CUST01907,125.0,2.0,3587.1594134480633,1.0,0.0,4,3,2,2,high_intent_abandoner
CUST01908,24.0,7.0,10011.570191937572,0.0,0.0,4,5,5,4,champions
CUST01909,62.0,5.0,9712.629126198863,0.0,0.0,3,4,4,4,champions
CUST01910,21.0,6.0,11503.200493610388,1.0,0.0,0,5,5,5,champions
CUST01911,190.0,3.0,6389.851927854553,0.0,0.0,2,2,3,3,at_risk_customers
CUST01912,124.0,3.0,6702.440080984502,0.0,0.3333333333333333,3,3,3,3,loyal_customers
CUST01913,167.0,3.0,2336.92976320432,0.0,0.0,3,2,3,1,discount_sensitive_customers
CUST01914,136.0,8.0,15564.38423725575,0.0,0.125,1,3,5,5,loyal_customers
CUST01915,191.0,7.0,14938.93545338681,0.0,0.14285714285714285,4,2,5,5,at_risk_customers
CUST01916,224.0,2.0,3848.531316836798,0.0,0.5,0,2,2,2,dormant_customers
CUST01917,205.0,2.0,3494.9007771751435,0.0,0.0,5,2,2,1,high_intent_abandoner
CUST01918,166.0,2.0,1730.5996911434368,2.0,0.0,5,2,2,1,high_intent_abandoner
CUST01919,290.0,1.0,681.4655641684274,1.0,0.0,0,1,1,1,dormant_customers
CUST01920,187.0,3.0,8362.915557323191,0.0,0.3333333333333333,4,2,3,4,at_risk_customers
CUST01921,104.0,6.0,11907.249734286132,2.0,0.0,5,3,5,5,high_value_unhappy
CUST01922,12.0,2.0,4061.2291650926118,1.0,1.0,1,5,2,2,new_customers
CUST01923,103.0,3.0,4822.21406936613,1.0,0.3333333333333333,1,3,3,2,discount_sensitive_customers
CUST01924,6.0,5.0,10067.401007029604,2.0,0.0,1,5,4,4,high_value_unhappy
CUST01925,53.0,4.0,10263.954301126445,0.0,0.0,2,4,4,4,champions
CUST01926,379.0,3.0,3847.3512530255407,0.0,0.3333333333333333,0,1,3,2,discount_sensitive_customers
CUST01927,137.0,4.0,8070.724802223061,1.0,0.25,1,3,4,4,loyal_customers
CUST01928,11.0,2.0,2827.31174392956,3.0,0.5,1,5,2,1,new_customers
CUST01929,357.0,2.0,6809.6974633435575,1.0,0.0,4,1,2,3,high_intent_abandoner
CUST01930,54.0,3.0,6514.169075621283,0.0,0.3333333333333333,3,4,3,3,loyal_customers
CUST01931,297.0,6.0,10257.183548027966,1.0,0.0,3,1,5,4,at_risk_customers
CUST01932,172.0,4.0,9106.099907091204,0.0,0.25,3,2,4,4,at_risk_customers
CUST01933,133.0,9.0,14207.006077141174,0.0,0.3333333333333333,0,3,5,5,loyal_customers
CUST01934,999.0,0.0,0.0,1.0,0.0,2,1,1,1,dormant_customers
CUST01935,383.0,1.0,3421.3838625790763,0.0,0.0,0,1,1,1,dormant_customers
CUST01936,13.0,5.0,9830.152912063977,0.0,0.0,5,5,4,4,champions
CUST01937,149.0,5.0,11296.10392408404,1.0,0.4,4,2,4,5,at_risk_customers
CUST01938,103.0,4.0,8873.957722969333,0.0,0.25,1,3,4,4,loyal_customers
CUST01939,261.0,7.0,10732.351434232067,0.0,0.2857142857142857,0,1,5,5,at_risk_customers
CUST01940,23.0,8.0,18271.12581369109,2.0,0.25,3,5,5,5,high_value_unhappy
CUST01941,310.0,2.0,2495.2001243682344,1.0,0.0,2,1,2,1,dormant_customers
CUST01942,452.0,2.0,1648.2066423578376,1.0,0.0,4,1,2,1,high_intent_abandoner
CUST01943,176.0,6.0,14426.522565482637,1.0,0.3333333333333333,1,2,5,5,at_risk_customers
CUST01944,28.0,7.0,10812.923594762997,2.0,0.14285714285714285,2,5,5,5,high_value_unhappy
CUST01945,94.0,6.0,12207.105372705988,1.0,0.0,0,3,5,5,loyal_customers
CUST01946,201.0,2.0,4730.959863303441,0.0,0.0,0,2,2,2,dormant_customers
CUST01947,59.0,4.0,6187.0408893169515,0.0,0.0,2,4,4,3,loyal_customers
CUST01948,170.0,3.0,6886.749534243524,1.0,0.0,2,2,3,3,at_risk_customers
CUST01949,35.0,5.0,6481.092304604335,0.0,0.2,1,5,4,3,loyal_customers
CUST01950,429.0,2.0,4366.347294421195,0.0,0.5,3,1,2,2,high_intent_abandoner
CUST01951,116.0,5.0,13812.251699451292,2.0,0.0,2,3,4,5,high_value_unhappy
CUST01952,266.0,4.0,4394.6207873153835,2.0,0.0,1,1,4,2,discount_sensitive_customers
CUST01953,144.0,4.0,6962.311587142109,1.0,0.0,2,3,4,3,loyal_customers
CUST01954,112.0,3.0,4025.4147271357087,2.0,0.0,5,3,3,2,discount_sensitive_customers
CUST01955,272.0,1.0,954.4143876245074,1.0,0.0,2,1,1,1,dormant_customers
CUST01956,7.0,5.0,9027.491019661542,3.0,0.2,5,5,4,4,high_value_unhappy
CUST01957,81.0,4.0,10192.752236598022,2.0,0.0,3,4,4,4,high_value_unhappy
CUST01958,107.0,2.0,6068.631696980361,1.0,0.0,1,3,2,3,discount_sensitive_customers
CUST01959,116.0,6.0,9612.766590942283,1.0,0.0,0,3,5,4,loyal_customers
CUST01960,5.0,6.0,10073.739151132424,0.0,0.3333333333333333,1,5,5,4,champions
CUST01961,31.0,6.0,14078.172579194532,0.0,0.0,1,5,5,5,champions
CUST01962,493.0,1.0,516.8872770812889,0.0,0.0,1,1,1,1,dormant_customers
CUST01963,104.0,3.0,4326.4242794824,0.0,0.6666666666666666,3,3,3,2,discount_sensitive_customers
CUST01964,225.0,4.0,10017.537481732272,2.0,0.25,3,2,4,4,high_value_unhappy
CUST01965,363.0,2.0,4034.6768964534604,0.0,0.0,4,1,2,2,high_intent_abandoner
CUST01966,999.0,0.0,0.0,1.0,0.0,5,1,1,1,high_intent_abandoner
CUST01967,528.0,1.0,797.0752486458807,1.0,0.0,0,1,1,1,dormant_customers
CUST01968,88.0,2.0,3111.6827754929723,0.0,0.0,3,3,2,1,high_intent_abandoner
CUST01969,38.0,5.0,10250.507308553086,1.0,0.4,5,4,4,4,champions
CUST01970,20.0,9.0,16860.66854790718,1.0,0.2222222222222222,3,5,5,5,champions
CUST01971,536.0,2.0,4139.604703030378,0.0,0.5,1,1,2,2,dormant_customers
CUST01972,545.0,2.0,631.9207717121748,2.0,0.0,1,1,2,1,dormant_customers
CUST01973,168.0,5.0,7442.809697255976,0.0,0.4,5,2,4,3,at_risk_customers
CUST01974,6.0,6.0,8324.157649131652,1.0,0.16666666666666666,2,5,5,4,champions
CUST01975,106.0,2.0,2232.802690398579,2.0,0.0,2,3,2,1,discount_sensitive_customers
CUST01976,102.0,4.0,8326.306931636404,1.0,0.25,2,3,4,4,loyal_customers
CUST01977,304.0,2.0,3675.3390605229497,1.0,0.0,5,1,2,2,high_intent_abandoner
CUST01978,37.0,5.0,7739.187903002906,2.0,0.0,3,4,4,4,high_value_unhappy
CUST01979,107.0,1.0,2538.1295556886034,0.0,0.0,2,3,1,1,discount_sensitive_customers
CUST01980,81.0,4.0,8019.819260756495,0.0,0.0,0,4,4,4,champions
CUST01981,50.0,3.0,6119.7956946060685,2.0,0.0,5,4,3,3,loyal_customers
CUST01982,57.0,4.0,8007.664535351661,0.0,0.0,2,4,4,4,champions
CUST01983,98.0,5.0,6470.161127993379,1.0,0.0,4,3,4,3,loyal_customers
CUST01984,90.0,3.0,7065.1834628398565,2.0,0.0,4,3,3,3,loyal_customers
CUST01985,602.0,1.0,2551.5386616790834,0.0,0.0,1,1,1,1,dormant_customers
CUST01986,30.0,5.0,10225.827373453067,0.0,0.4,3,5,4,4,champions
CUST01987,0.0,8.0,15157.548661520179,0.0,0.25,5,5,5,5,champions
CUST01988,219.0,4.0,10015.022074960189,2.0,0.25,4,2,4,4,high_value_unhappy
CUST01989,187.0,2.0,1879.9178954425497,1.0,0.0,0,2,2,1,dormant_customers
CUST01990,48.0,4.0,8859.704706328674,0.0,0.0,1,4,4,4,champions
CUST01991,213.0,2.0,2580.4177071209783,1.0,0.5,4,2,2,1,high_intent_abandoner
CUST01992,94.0,4.0,9311.109383151826,1.0,0.25,2,3,4,4,loyal_customers
CUST01993,227.0,1.0,2733.534536913457,0.0,0.0,4,2,1,1,high_intent_abandoner
CUST01994,33.0,5.0,6519.6332974232055,0.0,0.0,4,5,4,3,loyal_customers
CUST01995,103.0,5.0,6511.342561853733,1.0,0.0,1,3,4,3,loyal_customers
CUST01996,256.0,4.0,9503.098191901528,1.0,0.0,3,2,4,4,at_risk_customers
CUST01997,19.0,7.0,12703.56831141866,0.0,0.0,2,5,5,5,champions
CUST01998,98.0,6.0,15624.325577858224,2.0,0.5,2,3,5,5,high_value_unhappy
CUST01999,79.0,4.0,9182.694981985087,3.0,0.0,2,4,4,4,high_value_unhappy
CUST02000,43.0,2.0,3290.7041702699125,1.0,0.0,2,4,2,1,new_customers
CUST02001,276.0,4.0,6052.079845567068,1.0,0.0,3,1,4,3,at_risk_customers
CUST02002,187.0,6.0,10097.214309084557,2.0,0.0,2,2,5,4,high_value_unhappy
CUST02003,88.0,1.0,3191.066055547844,0.0,0.0,3,3,1,1,high_intent_abandoner
CUST02004,46.0,7.0,14838.712832621613,2.0,0.0,1,4,5,5,high_value_unhappy
CUST02005,3.0,4.0,6596.642133709462,1.0,0.0,0,5,4,3,loyal_customers
CUST02006,73.0,3.0,7142.684116870922,0.0,0.3333333333333333,3,4,3,3,loyal_customers
CUST02007,97.0,6.0,10961.893178188098,0.0,0.16666666666666666,2,3,5,5,loyal_customers
CUST02008,155.0,6.0,13685.190390461436,0.0,0.0,1,2,5,5,at_risk_customers
CUST02009,73.0,3.0,4488.338183585818,0.0,0.0,1,4,3,2,discount_sensitive_customers
CUST02010,61.0,2.0,4704.799102999539,1.0,0.5,4,4,2,2,high_intent_abandoner
CUST02011,70.0,4.0,8637.992083273184,0.0,0.0,4,4,4,4,champions
CUST02012,125.0,4.0,7750.961562119812,1.0,0.0,0,3,4,4,loyal_customers
CUST02013,157.0,2.0,3823.5121162187006,1.0,0.0,0,2,2,2,dormant_customers
CUST02014,71.0,3.0,1037.4497157975843,1.0,0.0,4,4,3,1,discount_sensitive_customers
CUST02015,290.0,3.0,6168.176616251354,1.0,0.0,5,1,3,3,at_risk_customers
CUST02016,48.0,5.0,6961.49618615537,0.0,0.2,4,4,4,3,loyal_customers
CUST02017,26.0,4.0,9842.148756725222,1.0,0.25,1,5,4,4,champions
CUST02018,209.0,3.0,3835.8552841005894,3.0,0.0,3,2,3,2,discount_sensitive_customers
CUST02019,262.0,2.0,2665.105737814929,1.0,0.0,4,1,2,1,high_intent_abandoner
CUST02020,66.0,2.0,5878.3713984598235,1.0,0.0,2,4,2,3,new_customers
CUST02021,244.0,3.0,5214.581194551468,1.0,0.0,3,2,3,2,discount_sensitive_customers
CUST02022,255.0,2.0,3823.407249816162,0.0,0.5,5,2,2,2,high_intent_abandoner
CUST02023,400.0,3.0,4114.1599403208575,0.0,0.0,3,1,3,2,discount_sensitive_customers
CUST02024,23.0,1.0,792.5102032908422,2.0,0.0,2,5,1,1,new_customers
CUST02025,46.0,7.0,14586.20718678694,6.0,0.0,2,4,5,5,high_value_unhappy
CUST02026,126.0,3.0,8687.697426468996,2.0,0.3333333333333333,2,3,3,4,high_value_unhappy
CUST02027,269.0,3.0,7126.446516038541,0.0,0.0,1,1,3,3,at_risk_customers
CUST02028,146.0,3.0,8087.249753377701,0.0,0.0,4,3,3,4,loyal_customers
CUST02029,133.0,6.0,8596.900742062116,0.0,0.3333333333333333,5,3,5,4,loyal_customers
CUST02030,316.0,1.0,3322.646011680677,1.0,0.0,4,1,1,1,high_intent_abandoner
CUST02031,21.0,5.0,10863.29149050698,1.0,0.0,1,5,4,5,champions
CUST02032,432.0,3.0,9248.039635978841,1.0,0.3333333333333333,3,1,3,4,at_risk_customers
CUST02033,10.0,3.0,5495.844496228216,0.0,0.0,1,5,3,2,discount_sensitive_customers
CUST02034,218.0,5.0,9713.117822428456,1.0,0.0,4,2,4,4,at_risk_customers
CUST02035,417.0,1.0,600.2269209687586,0.0,0.0,0,1,1,1,dormant_customers
CUST02036,55.0,6.0,12846.330900680287,2.0,0.16666666666666666,1,4,5,5,high_value_unhappy
CUST02037,358.0,3.0,5531.20862561761,0.0,0.0,0,1,3,3,at_risk_customers
CUST02038,264.0,5.0,13281.098980783065,0.0,0.2,0,1,4,5,at_risk_customers
CUST02039,71.0,3.0,3997.548247890378,0.0,0.0,5,4,3,2,discount_sensitive_customers
CUST02040,439.0,3.0,4885.924143950349,1.0,0.0,2,1,3,2,discount_sensitive_customers
CUST02041,158.0,7.0,13283.072067064852,1.0,0.14285714285714285,2,2,5,5,at_risk_customers
CUST02042,57.0,3.0,4922.994965203603,0.0,0.0,2,4,3,2,discount_sensitive_customers
CUST02043,81.0,4.0,7669.744307461718,1.0,0.0,0,4,4,4,champions
CUST02044,183.0,4.0,6538.493227861797,1.0,0.0,4,2,4,3,at_risk_customers
CUST02045,238.0,5.0,10814.087452882799,0.0,0.0,2,2,4,5,at_risk_customers
CUST02046,25.0,3.0,4334.712206091868,1.0,0.0,5,5,3,2,discount_sensitive_customers
CUST02047,147.0,7.0,12451.172876576136,0.0,0.14285714285714285,2,3,5,5,loyal_customers
CUST02048,94.0,3.0,7913.211485847912,0.0,0.0,3,3,3,4,loyal_customers
CUST02049,76.0,9.0,16723.91142699914,1.0,0.0,5,4,5,5,champions
CUST02050,999.0,0.0,0.0,1.0,0.0,0,1,1,1,dormant_customers
CUST02051,18.0,3.0,5155.222980123529,1.0,0.3333333333333333,0,5,3,2,discount_sensitive_customers
CUST02052,71.0,3.0,3387.0356618516985,2.0,0.0,2,4,3,1,discount_sensitive_customers
CUST02053,279.0,4.0,3932.5360189191497,0.0,0.0,3,1,4,2,discount_sensitive_customers
CUST02054,59.0,4.0,8395.926948628588,1.0,0.25,3,4,4,4,champions
CUST02055,36.0,5.0,12122.643691475718,0.0,0.2,1,4,4,5,champions
CUST02056,49.0,2.0,4240.650106543038,0.0,0.0,1,4,2,2,new_customers
CUST02057,168.0,6.0,13215.201884814585,3.0,0.16666666666666666,2,2,5,5,high_value_unhappy
CUST02058,35.0,1.0,2319.3938393471135,0.0,0.0,5,5,1,1,high_intent_abandoner
CUST02059,97.0,5.0,10283.922743016417,0.0,0.2,0,3,4,5,loyal_customers
CUST02060,29.0,5.0,6076.351525226905,1.0,0.2,5,5,4,3,loyal_customers
CUST02061,129.0,3.0,3058.3020498164806,1.0,0.3333333333333333,3,3,3,1,discount_sensitive_customers
CUST02062,12.0,3.0,5440.532346790434,0.0,0.0,3,5,3,2,discount_sensitive_customers
CUST02063,102.0,5.0,12246.297598815716,1.0,0.0,3,3,4,5,loyal_customers
CUST02064,81.0,5.0,9193.63062862871,1.0,0.2,0,4,4,4,champions
CUST02065,321.0,5.0,6317.036219570678,3.0,0.0,1,1,4,3,at_risk_customers
CUST02066,189.0,3.0,5401.394792065457,1.0,0.0,2,2,3,2,discount_sensitive_customers
CUST02067,463.0,2.0,4761.362219260514,1.0,0.0,1,1,2,2,dormant_customers
CUST02068,47.0,3.0,6058.765123584033,0.0,0.0,3,4,3,3,loyal_customers
CUST02069,221.0,7.0,17966.23966056249,1.0,0.0,5,2,5,5,at_risk_customers
CUST02070,272.0,1.0,3446.7897291116724,1.0,0.0,5,1,1,1,high_intent_abandoner
CUST02071,189.0,5.0,12143.530229278971,0.0,0.0,3,2,4,5,at_risk_customers
CUST02072,200.0,2.0,3072.15435454861,1.0,0.5,0,2,2,1,dormant_customers
CUST02073,89.0,4.0,8811.078960709407,0.0,0.0,0,3,4,4,loyal_customers
CUST02074,8.0,7.0,12757.659072828543,1.0,0.14285714285714285,0,5,5,5,champions
CUST02075,356.0,4.0,4293.236346324249,0.0,0.25,2,1,4,2,discount_sensitive_customers
CUST02076,50.0,3.0,8275.267790195692,1.0,0.0,4,4,3,4,loyal_customers
CUST02077,68.0,7.0,8337.603252998057,2.0,0.14285714285714285,5,4,5,4,high_value_unhappy
CUST02078,356.0,2.0,2702.892881403021,1.0,0.0,4,1,2,1,high_intent_abandoner
CUST02079,81.0,3.0,4703.575533291696,0.0,0.0,5,4,3,2,discount_sensitive_customers
CUST02080,62.0,6.0,13509.312695699307,2.0,0.3333333333333333,2,4,5,5,high_value_unhappy
CUST02081,378.0,2.0,2924.442325444743,0.0,0.0,5,1,2,1,high_intent_abandoner
CUST02082,206.0,3.0,6566.651000986606,2.0,0.3333333333333333,2,2,3,3,at_risk_customers
CUST02083,85.0,1.0,3214.283887753465,0.0,0.0,2,4,1,1,new_customers
CUST02084,94.0,2.0,3407.9807926203866,0.0,0.0,1,3,2,1,discount_sensitive_customers
CUST02085,248.0,2.0,5939.859382831393,2.0,0.0,5,2,2,3,high_intent_abandoner
CUST02086,202.0,2.0,582.0098242276399,2.0,0.0,2,2,2,1,dormant_customers
CUST02087,125.0,4.0,8805.806984067185,1.0,0.0,1,3,4,4,loyal_customers
CUST02088,313.0,2.0,5961.145001335395,0.0,0.5,5,1,2,3,high_intent_abandoner
CUST02089,58.0,3.0,7892.221370996384,0.0,0.0,0,4,3,4,loyal_customers
CUST02090,134.0,5.0,9629.564216974233,0.0,0.0,5,3,4,4,loyal_customers
CUST02091,462.0,2.0,2416.668983259112,1.0,0.0,3,1,2,1,high_intent_abandoner
CUST02092,235.0,2.0,3188.594877255918,1.0,0.0,4,2,2,1,high_intent_abandoner
CUST02093,434.0,2.0,5340.861663303847,2.0,0.5,3,1,2,2,high_intent_abandoner
CUST02094,118.0,1.0,2295.828758663197,1.0,0.0,4,3,1,1,high_intent_abandoner
CUST02095,19.0,6.0,9076.470257136703,0.0,0.16666666666666666,0,5,5,4,champions
CUST02096,167.0,2.0,4731.482318681095,2.0,0.0,4,2,2,2,high_intent_abandoner
CUST02097,11.0,6.0,12611.45963431955,0.0,0.3333333333333333,0,5,5,5,champions
CUST02098,68.0,3.0,4433.349653088312,1.0,0.0,5,4,3,2,discount_sensitive_customers
CUST02099,524.0,1.0,1239.8805324731475,2.0,0.0,3,1,1,1,high_intent_abandoner
CUST02100,192.0,3.0,3187.4207452494184,2.0,0.0,1,2,3,1,discount_sensitive_customers
CUST02101,35.0,6.0,6216.333120484547,1.0,0.0,5,5,5,3,loyal_customers
CUST02102,72.0,5.0,11344.863733368582,1.0,0.0,5,4,4,5,champions
CUST02103,107.0,3.0,7223.051936035252,0.0,0.0,4,3,3,3,loyal_customers
CUST02104,68.0,4.0,6577.502776631014,2.0,0.0,5,4,4,3,loyal_customers
CUST02105,239.0,8.0,16792.615852684252,2.0,0.375,2,2,5,5,high_value_unhappy
CUST02106,131.0,5.0,9546.279928764288,2.0,0.2,1,3,4,4,high_value_unhappy
CUST02107,40.0,4.0,7874.053108282332,1.0,0.0,1,4,4,4,champions
CUST02108,78.0,3.0,8691.368012457106,0.0,0.0,0,4,3,4,loyal_customers
CUST02109,329.0,3.0,2583.323099766467,0.0,0.0,3,1,3,1,discount_sensitive_customers
CUST02110,91.0,3.0,7252.6273554005,0.0,0.0,2,3,3,3,loyal_customers
CUST02111,202.0,1.0,211.10316559576165,2.0,0.0,3,2,1,1,high_intent_abandoner
CUST02112,23.0,5.0,11388.59818656334,1.0,0.2,3,5,4,5,champions
CUST02113,218.0,2.0,2299.628137850288,0.0,0.0,1,2,2,1,dormant_customers
CUST02114,622.0,1.0,3013.490307871114,2.0,0.0,2,1,1,1,dormant_customers
CUST02115,564.0,2.0,4799.812486549672,3.0,0.0,4,1,2,2,high_intent_abandoner
CUST02116,171.0,2.0,3068.8577564873967,0.0,0.5,2,2,2,1,dormant_customers
CUST02117,139.0,4.0,9527.10076293156,2.0,0.25,0,3,4,4,high_value_unhappy
CUST02118,387.0,2.0,4392.763511379874,0.0,0.0,5,1,2,2,high_intent_abandoner
CUST02119,326.0,3.0,930.9196125889655,0.0,0.0,1,1,3,1,discount_sensitive_customers
CUST02120,39.0,2.0,3551.96994655621,1.0,0.0,2,4,2,2,new_customers
CUST02121,104.0,6.0,12224.5729157699,1.0,0.3333333333333333,0,3,5,5,loyal_customers
CUST02122,48.0,7.0,7592.076664424831,0.0,0.0,4,4,5,4,champions
CUST02123,164.0,4.0,10439.097026159707,1.0,0.25,3,2,4,5,at_risk_customers
CUST02124,226.0,6.0,12143.903598570978,1.0,0.0,3,2,5,5,at_risk_customers
CUST02125,999.0,0.0,0.0,2.0,0.0,0,1,1,1,dormant_customers
CUST02126,24.0,2.0,5966.784160863015,3.0,0.0,1,5,2,3,new_customers
CUST02127,168.0,6.0,8507.835531966693,2.0,0.0,3,2,5,4,high_value_unhappy
CUST02128,458.0,1.0,2421.506706195895,3.0,0.0,1,1,1,1,dormant_customers
CUST02129,212.0,1.0,724.0736481770173,0.0,0.0,1,2,1,1,dormant_customers
CUST02130,103.0,1.0,2654.2232420805517,1.0,0.0,3,3,1,1,high_intent_abandoner
CUST02131,40.0,3.0,6811.619731461671,0.0,0.3333333333333333,4,4,3,3,loyal_customers
CUST02132,316.0,4.0,7455.3914320488375,1.0,0.0,5,1,4,3,at_risk_customers
CUST02133,47.0,3.0,5457.129507570917,1.0,0.0,2,4,3,2,discount_sensitive_customers
CUST02134,117.0,3.0,5735.96765808968,0.0,0.0,5,3,3,3,loyal_customers
CUST02135,11.0,6.0,11406.55264540336,0.0,0.3333333333333333,3,5,5,5,champions
CUST02136,255.0,5.0,8907.002646329454,0.0,0.2,2,2,4,4,at_risk_customers
CUST02137,96.0,3.0,5643.836665405304,1.0,0.0,1,3,3,3,loyal_customers
CUST02138,254.0,3.0,3661.732730433871,2.0,0.3333333333333333,4,2,3,2,discount_sensitive_customers
CUST02139,184.0,2.0,2879.496379376212,0.0,0.0,1,2,2,1,dormant_customers
CUST02140,131.0,4.0,8038.787427486122,0.0,0.5,4,3,4,4,loyal_customers
CUST02141,39.0,5.0,6124.623821051799,0.0,0.0,5,4,5,3,loyal_customers
CUST02142,426.0,1.0,1459.9233679550225,1.0,0.0,5,1,1,1,high_intent_abandoner
CUST02143,131.0,5.0,8819.911637640782,0.0,0.0,5,3,5,4,loyal_customers
CUST02144,214.0,4.0,10631.480469319655,0.0,0.25,0,2,4,5,at_risk_customers
CUST02145,15.0,3.0,6484.5194270305365,2.0,0.0,5,5,3,3,loyal_customers
CUST02146,384.0,2.0,2855.761534054275,0.0,0.0,4,1,2,1,high_intent_abandoner
CUST02147,80.0,3.0,6343.434491614834,0.0,0.3333333333333333,4,4,3,3,loyal_customers
CUST02148,89.0,3.0,6158.745708276684,1.0,0.3333333333333333,5,3,3,3,loyal_customers
CUST02149,80.0,6.0,10276.276601348456,0.0,0.16666666666666666,1,4,5,5,champions
CUST02150,141.0,2.0,5308.75547268937,0.0,0.0,5,3,2,2,high_intent_abandoner
CUST02151,422.0,2.0,2243.834336300658,1.0,0.0,5,1,2,1,high_intent_abandoner
CUST02152,192.0,5.0,9148.823414011616,2.0,0.2,3,2,5,4,high_value_unhappy
CUST02153,43.0,3.0,6451.583772525706,0.0,0.3333333333333333,3,4,3,3,loyal_customers
CUST02154,9.0,6.0,9970.435181141305,2.0,0.0,2,5,5,4,high_value_unhappy
CUST02155,441.0,3.0,6795.158670464381,0.0,0.0,0,1,3,3,at_risk_customers
CUST02156,288.0,4.0,8925.007817206733,1.0,0.0,4,1,4,4,at_risk_customers
CUST02157,176.0,7.0,11501.84004303249,1.0,0.2857142857142857,2,2,5,5,at_risk_customers
CUST02158,999.0,0.0,0.0,0.0,0.0,5,1,1,1,high_intent_abandoner
CUST02159,177.0,6.0,14508.709798836178,0.0,0.0,4,2,5,5,at_risk_customers
CUST02160,24.0,5.0,9912.345764537728,1.0,0.0,4,5,5,4,champions
CUST02161,229.0,8.0,14154.763760494458,2.0,0.125,0,2,5,5,high_value_unhappy
CUST02162,85.0,5.0,9562.742304888718,0.0,0.2,0,4,5,4,champions
CUST02163,410.0,2.0,2485.0607909553187,0.0,0.0,2,1,2,1,dormant_customers
CUST02164,137.0,3.0,5220.088941524459,1.0,0.0,3,3,3,2,discount_sensitive_customers
CUST02165,33.0,2.0,3785.8979272696006,0.0,0.5,4,5,2,2,high_intent_abandoner
CUST02166,21.0,4.0,9866.842792615147,0.0,0.25,1,5,4,4,champions
CUST02167,236.0,3.0,5393.448514399823,1.0,0.0,2,2,3,2,discount_sensitive_customers
CUST02168,170.0,1.0,3045.5488587055074,1.0,0.0,4,2,1,1,high_intent_abandoner
CUST02169,55.0,2.0,5571.390148624759,1.0,0.0,0,4,2,3,new_customers
CUST02170,49.0,12.0,26049.731148460476,0.0,0.16666666666666666,5,4,5,5,champions
CUST02171,64.0,4.0,8112.4522895243035,1.0,0.0,0,4,4,4,champions
CUST02172,274.0,2.0,4135.877063924234,0.0,0.0,0,1,2,2,dormant_customers
CUST02173,117.0,5.0,8620.156624991596,1.0,0.0,0,3,5,4,loyal_customers
CUST02174,266.0,3.0,5746.879303881546,1.0,0.3333333333333333,5,1,3,3,at_risk_customers
CUST02175,1.0,2.0,2422.9017206157296,0.0,0.0,3,5,2,1,high_intent_abandoner
CUST02176,10.0,3.0,3008.098405305433,0.0,1.0,3,5,3,1,discount_sensitive_customers
CUST02177,160.0,5.0,11021.834417786224,0.0,0.2,4,2,5,5,at_risk_customers
CUST02178,298.0,2.0,5448.424809998107,0.0,0.0,4,1,2,2,high_intent_abandoner
CUST02179,54.0,4.0,10197.88116168149,0.0,0.0,2,4,4,4,champions
CUST02180,102.0,4.0,4668.836229437693,1.0,0.25,0,3,4,2,discount_sensitive_customers
CUST02181,23.0,5.0,3673.847350874239,1.0,0.2,0,5,5,2,discount_sensitive_customers
CUST02182,189.0,3.0,5530.604287526607,0.0,0.3333333333333333,5,2,3,3,at_risk_customers
CUST02183,268.0,2.0,3824.3479222601554,1.0,0.0,1,1,2,2,dormant_customers
CUST02184,10.0,1.0,1139.926791020118,0.0,1.0,1,5,1,1,new_customers
CUST02185,85.0,2.0,4240.665618579209,0.0,0.0,0,4,2,2,new_customers
CUST02186,175.0,5.0,9661.23700019282,1.0,0.2,1,2,5,4,at_risk_customers
CUST02187,51.0,4.0,6548.157410623346,0.0,0.25,1,4,4,3,loyal_customers
CUST02188,143.0,6.0,13020.706506621034,0.0,0.0,0,3,5,5,loyal_customers
CUST02189,50.0,5.0,11583.898601289671,0.0,0.2,3,4,5,5,champions
CUST02190,255.0,1.0,2191.912997949566,2.0,0.0,3,2,1,1,high_intent_abandoner
CUST02191,10.0,3.0,7628.959238919418,1.0,0.0,4,5,3,4,loyal_customers
CUST02192,105.0,5.0,10456.099589046147,2.0,0.2,3,3,5,5,high_value_unhappy
CUST02193,88.0,1.0,825.8853955193007,0.0,0.0,0,3,1,1,discount_sensitive_customers
CUST02194,290.0,3.0,6974.581765752499,0.0,0.3333333333333333,1,1,3,3,at_risk_customers
CUST02195,194.0,4.0,7354.712593945078,0.0,0.0,0,2,4,3,at_risk_customers
CUST02196,54.0,2.0,5202.008033573833,2.0,0.0,2,4,2,2,new_customers
CUST02197,77.0,4.0,6287.470144019442,0.0,0.0,1,4,4,3,loyal_customers
CUST02198,26.0,4.0,6428.534469560975,1.0,0.0,0,5,4,3,loyal_customers
CUST02199,246.0,4.0,9105.461098366934,1.0,0.0,4,2,4,4,at_risk_customers
CUST02200,116.0,3.0,4145.793715320739,1.0,0.0,4,3,3,2,discount_sensitive_customers
CUST02201,24.0,2.0,2518.044328042747,1.0,0.0,1,5,2,1,new_customers
CUST02202,53.0,4.0,8202.742510894896,1.0,0.5,3,4,4,4,champions
CUST02203,158.0,5.0,9066.49663075718,0.0,0.0,4,2,5,4,at_risk_customers
CUST02204,385.0,3.0,3290.9076423188244,1.0,0.0,5,1,3,1,discount_sensitive_customers
CUST02205,50.0,5.0,9096.436355737666,0.0,0.2,2,4,5,4,champions
CUST02206,264.0,3.0,7084.615147561908,0.0,0.0,5,1,3,3,at_risk_customers
CUST02207,134.0,4.0,8868.783548844294,1.0,0.0,5,3,4,4,loyal_customers
CUST02208,138.0,3.0,3910.253816700062,1.0,0.0,5,3,3,2,discount_sensitive_customers
CUST02209,86.0,3.0,4667.042827198791,1.0,0.0,1,3,3,2,discount_sensitive_customers
CUST02210,1.0,5.0,7109.141913968402,4.0,0.2,2,5,5,3,loyal_customers
CUST02211,213.0,1.0,2107.0001141140574,0.0,0.0,1,2,1,1,dormant_customers
CUST02212,121.0,3.0,8045.003796268242,0.0,0.0,3,3,3,4,loyal_customers
CUST02213,202.0,5.0,7405.34329846041,0.0,0.6,0,2,5,3,at_risk_customers
CUST02214,178.0,3.0,3764.0470622036746,0.0,0.0,5,2,3,2,discount_sensitive_customers
CUST02215,225.0,4.0,11439.660851162773,1.0,0.25,1,2,4,5,at_risk_customers
CUST02216,999.0,0.0,0.0,0.0,0.0,0,1,1,1,dormant_customers
CUST02217,40.0,3.0,6744.69940429265,0.0,0.0,1,4,3,3,loyal_customers
CUST02218,46.0,7.0,14970.605974746304,1.0,0.0,3,4,5,5,champions
CUST02219,2.0,3.0,5540.780493009509,0.0,0.0,2,5,3,3,loyal_customers
CUST02220,410.0,2.0,4131.91299621268,2.0,0.0,0,1,2,2,dormant_customers
CUST02221,57.0,6.0,7249.546898437862,1.0,0.16666666666666666,2,4,5,3,loyal_customers
CUST02222,32.0,1.0,3227.34113495026,0.0,0.0,1,5,1,1,new_customers
CUST02223,44.0,4.0,12126.790229046268,2.0,0.25,5,4,4,5,high_value_unhappy
CUST02224,69.0,5.0,7885.371017249906,1.0,0.0,1,4,5,4,champions
CUST02225,50.0,8.0,19440.052322279935,1.0,0.375,3,4,5,5,champions
CUST02226,50.0,2.0,5024.072083097193,0.0,0.0,1,4,2,2,new_customers
CUST02227,255.0,4.0,7028.449376839193,1.0,0.25,3,2,4,3,at_risk_customers
CUST02228,999.0,0.0,0.0,1.0,0.0,1,1,1,1,dormant_customers
CUST02229,11.0,4.0,6464.367741651259,2.0,0.25,5,5,4,3,loyal_customers
CUST02230,198.0,1.0,2027.2857304459608,3.0,1.0,2,2,1,1,dormant_customers
CUST02231,195.0,4.0,4738.316624240121,0.0,0.25,1,2,4,2,discount_sensitive_customers
CUST02232,113.0,6.0,7613.246842925822,0.0,0.0,0,3,5,4,loyal_customers
CUST02233,260.0,1.0,1431.7505604162093,0.0,0.0,4,1,1,1,high_intent_abandoner
CUST02234,426.0,1.0,339.9182843035973,0.0,0.0,0,1,1,1,dormant_customers
CUST02235,68.0,4.0,5970.763594333064,0.0,0.0,0,4,4,3,loyal_customers
CUST02236,28.0,8.0,18488.668015251846,1.0,0.25,3,5,5,5,champions
CUST02237,192.0,2.0,4283.241834799177,0.0,0.5,1,2,2,2,dormant_customers
CUST02238,151.0,3.0,5626.871946020271,1.0,0.3333333333333333,2,2,3,3,at_risk_customers
CUST02239,560.0,1.0,1488.0589827210943,0.0,0.0,1,1,1,1,dormant_customers
CUST02240,5.0,4.0,7178.404216156359,2.0,0.25,4,5,4,3,loyal_customers
CUST02241,181.0,3.0,5783.365883003915,2.0,0.0,1,2,3,3,at_risk_customers
CUST02242,68.0,5.0,6781.3251547866075,3.0,0.2,4,4,5,3,loyal_customers
CUST02243,58.0,4.0,7605.054575045398,1.0,0.0,4,4,4,4,champions
CUST02244,18.0,6.0,10963.745232443773,0.0,0.0,0,5,5,5,champions
CUST02245,296.0,3.0,4123.7978166774765,0.0,0.0,4,1,3,2,discount_sensitive_customers
CUST02246,487.0,1.0,316.82596893281544,0.0,0.0,4,1,1,1,high_intent_abandoner
CUST02247,112.0,4.0,5354.156543401694,1.0,0.0,5,3,4,2,discount_sensitive_customers
CUST02248,188.0,3.0,7170.134199191245,0.0,0.0,2,2,3,3,at_risk_customers
CUST02249,116.0,5.0,12552.598517835784,0.0,0.0,5,3,5,5,loyal_customers
CUST02250,233.0,2.0,1454.659040078144,1.0,0.0,3,2,2,1,high_intent_abandoner
CUST02251,71.0,2.0,5243.225676551974,1.0,0.0,1,4,2,2,new_customers
CUST02252,5.0,3.0,4809.722150483438,0.0,0.0,2,5,3,2,discount_sensitive_customers
CUST02253,119.0,1.0,3300.761039934606,2.0,0.0,3,3,1,1,high_intent_abandoner
CUST02254,51.0,5.0,8861.293138414325,1.0,0.4,0,4,5,4,champions
CUST02255,113.0,1.0,669.7280871963915,0.0,1.0,2,3,1,1,discount_sensitive_customers
CUST02256,160.0,3.0,3536.9903771868703,0.0,0.3333333333333333,2,2,3,2,discount_sensitive_customers
CUST02257,96.0,3.0,6009.995920497826,1.0,0.3333333333333333,0,3,3,3,loyal_customers
CUST02258,22.0,5.0,8736.765276152564,1.0,0.2,4,5,5,4,champions
CUST02259,140.0,7.0,16578.035467641093,0.0,0.0,0,3,5,5,loyal_customers
CUST02260,8.0,5.0,14115.721379864739,0.0,0.2,1,5,5,5,champions
CUST02261,190.0,4.0,2609.1532728000684,0.0,0.25,0,2,4,1,discount_sensitive_customers
CUST02262,26.0,8.0,17409.87887800499,2.0,0.0,2,5,5,5,high_value_unhappy
CUST02263,71.0,5.0,7272.212625308965,2.0,0.2,0,4,5,3,loyal_customers
CUST02264,13.0,5.0,5544.673844967065,0.0,0.0,1,5,5,3,loyal_customers
CUST02265,31.0,5.0,12610.754187593875,0.0,0.0,4,5,5,5,champions
CUST02266,39.0,9.0,20190.702320380187,0.0,0.0,4,4,5,5,champions
CUST02267,178.0,3.0,4421.600594603627,1.0,0.3333333333333333,3,2,3,2,discount_sensitive_customers
CUST02268,219.0,2.0,2913.00815917233,2.0,0.0,5,2,2,1,high_intent_abandoner
CUST02269,53.0,5.0,10780.049619886267,0.0,0.0,3,4,5,5,champions
CUST02270,246.0,3.0,7007.2525234241,1.0,0.3333333333333333,1,2,3,3,at_risk_customers
CUST02271,377.0,1.0,662.5481752920828,2.0,0.0,3,1,1,1,high_intent_abandoner
CUST02272,215.0,3.0,4257.353578414924,2.0,0.0,4,2,3,2,discount_sensitive_customers
CUST02273,300.0,2.0,1116.301780641745,0.0,0.5,5,1,2,1,high_intent_abandoner
CUST02274,166.0,3.0,5180.881119936444,0.0,0.0,4,2,3,2,discount_sensitive_customers
CUST02275,250.0,4.0,3528.3903384755517,1.0,0.0,3,2,4,2,discount_sensitive_customers
CUST02276,28.0,4.0,4802.249753533683,4.0,0.0,0,5,4,2,discount_sensitive_customers
CUST02277,79.0,3.0,7016.167760333394,1.0,0.6666666666666666,4,4,3,3,loyal_customers
CUST02278,65.0,4.0,7555.28214616255,1.0,0.0,3,4,4,4,champions
CUST02279,63.0,3.0,3761.4746308545264,0.0,0.3333333333333333,3,4,3,2,discount_sensitive_customers
CUST02280,18.0,7.0,14487.864480393499,0.0,0.2857142857142857,1,5,5,5,champions
CUST02281,82.0,5.0,9080.803427637407,1.0,0.0,1,4,5,4,champions
CUST02282,163.0,3.0,7563.211984317321,0.0,0.0,4,2,3,4,at_risk_customers
CUST02283,47.0,6.0,12331.32400926589,2.0,0.16666666666666666,2,4,5,5,high_value_unhappy
CUST02284,176.0,4.0,5479.276973123173,0.0,0.0,3,2,4,2,discount_sensitive_customers
CUST02285,119.0,5.0,9358.000253247856,1.0,0.0,0,3,5,4,loyal_customers
CUST02286,184.0,5.0,11277.186500128173,1.0,0.2,2,2,5,5,at_risk_customers
CUST02287,66.0,5.0,11709.775188520132,0.0,0.0,3,4,5,5,champions
CUST02288,142.0,2.0,4628.564281765996,1.0,0.5,2,3,2,2,discount_sensitive_customers
CUST02289,243.0,1.0,2036.5296932720055,1.0,0.0,3,2,1,1,high_intent_abandoner
CUST02290,57.0,4.0,6295.658490428122,0.0,0.0,3,4,4,3,loyal_customers
CUST02291,60.0,5.0,12486.574319471385,0.0,0.2,2,4,5,5,champions
CUST02292,17.0,4.0,5653.72714465838,1.0,0.0,1,5,4,3,loyal_customers
CUST02293,264.0,2.0,3886.245690931946,1.0,0.5,3,1,2,2,high_intent_abandoner
CUST02294,57.0,2.0,3677.4888587800324,1.0,0.0,4,4,2,2,high_intent_abandoner
CUST02295,235.0,7.0,17713.167316003317,1.0,0.0,2,2,5,5,at_risk_customers
CUST02296,70.0,4.0,8825.071748847879,0.0,0.25,5,4,4,4,champions
CUST02297,38.0,5.0,12216.182877717296,0.0,0.2,1,4,5,5,champions
CUST02298,246.0,1.0,1229.0965933893592,0.0,0.0,0,2,1,1,dormant_customers
CUST02299,143.0,2.0,2945.6090590205463,1.0,0.5,3,3,2,1,high_intent_abandoner
CUST02300,80.0,2.0,3589.661845666066,1.0,0.5,5,4,2,2,high_intent_abandoner
CUST02301,69.0,8.0,17521.117344818173,0.0,0.25,3,4,5,5,champions
CUST02302,332.0,2.0,2367.2703770212124,1.0,0.0,5,1,2,1,high_intent_abandoner
CUST02303,205.0,3.0,4261.196689335964,0.0,0.0,4,2,3,2,discount_sensitive_customers
CUST02304,143.0,2.0,1727.8035063248176,2.0,0.0,1,3,2,1,discount_sensitive_customers
CUST02305,5.0,2.0,4700.053288047089,0.0,0.5,3,5,2,2,high_intent_abandoner
CUST02306,49.0,6.0,14055.233446526203,1.0,0.0,5,4,5,5,champions
CUST02307,81.0,3.0,6856.6834107621735,1.0,0.0,1,4,3,3,loyal_customers
CUST02308,101.0,3.0,6720.981447969607,0.0,0.3333333333333333,3,3,3,3,loyal_customers
CUST02309,204.0,5.0,9681.80187909514,1.0,0.0,5,2,5,4,at_risk_customers
CUST02310,142.0,3.0,5876.276380722846,2.0,0.0,0,3,3,3,loyal_customers
CUST02311,210.0,1.0,2698.863085430259,1.0,0.0,5,2,1,1,high_intent_abandoner
CUST02312,19.0,5.0,8225.40437356212,2.0,0.4,4,5,5,4,high_value_unhappy
CUST02313,15.0,2.0,1811.0037227668242,0.0,0.0,0,5,2,1,new_customers
CUST02314,252.0,4.0,6816.195873986995,2.0,0.25,0,2,4,3,at_risk_customers
CUST02315,115.0,3.0,5234.119190340427,0.0,0.0,5,3,3,2,discount_sensitive_customers
CUST02316,245.0,5.0,11670.638731409948,1.0,0.0,2,2,5,5,at_risk_customers
CUST02317,423.0,2.0,2571.3148584914843,1.0,0.0,0,1,2,1,dormant_customers
CUST02318,72.0,5.0,12688.544369823976,0.0,0.4,4,4,5,5,champions
CUST02319,431.0,3.0,7075.529547359438,0.0,0.0,4,1,3,3,at_risk_customers
CUST02320,152.0,1.0,2436.180734262425,1.0,0.0,5,2,1,1,high_intent_abandoner
CUST02321,68.0,7.0,13203.3569113862,0.0,0.14285714285714285,3,4,5,5,champions
CUST02322,61.0,3.0,6397.49770469398,2.0,0.0,5,4,3,3,loyal_customers
CUST02323,30.0,4.0,6646.589630302839,1.0,0.5,0,5,4,3,loyal_customers
CUST02324,58.0,2.0,5757.0106302911245,0.0,0.0,1,4,2,3,new_customers
CUST02325,13.0,7.0,13364.389685387427,0.0,0.14285714285714285,2,5,5,5,champions
CUST02326,182.0,1.0,2864.033267114131,1.0,0.0,5,2,1,1,high_intent_abandoner
CUST02327,20.0,3.0,6758.7689475162415,0.0,0.0,2,5,3,3,loyal_customers
CUST02328,239.0,4.0,6433.279293031774,2.0,0.0,2,2,4,3,at_risk_customers
CUST02329,56.0,3.0,1879.1844902674795,2.0,0.0,4,4,3,1,discount_sensitive_customers
CUST02330,88.0,2.0,5349.143970101133,0.0,0.0,4,3,2,2,high_intent_abandoner
CUST02331,89.0,5.0,10122.02958029607,1.0,0.0,3,3,5,4,loyal_customers
CUST02332,251.0,3.0,3380.3761616336565,0.0,0.0,0,2,3,1,discount_sensitive_customers
CUST02333,23.0,4.0,10496.983193203414,2.0,0.25,4,5,4,5,high_value_unhappy
CUST02334,86.0,3.0,8291.505208097235,1.0,0.0,2,3,3,4,loyal_customers
CUST02335,74.0,7.0,10242.167034841765,1.0,0.5714285714285714,4,4,5,4,champions
CUST02336,9.0,5.0,6805.848980165228,0.0,0.0,5,5,5,3,loyal_customers
CUST02337,85.0,5.0,10872.89284955008,1.0,0.4,0,4,5,5,champions
CUST02338,999.0,0.0,0.0,0.0,0.0,4,1,1,1,high_intent_abandoner
CUST02339,212.0,6.0,10729.706938364674,1.0,0.0,5,2,5,5,at_risk_customers
CUST02340,10.0,4.0,5897.169674456072,0.0,0.0,0,5,4,3,loyal_customers
CUST02341,74.0,3.0,6864.506501030866,0.0,0.0,3,4,3,3,loyal_customers
CUST02342,66.0,4.0,9535.43626771629,0.0,0.0,4,4,4,4,champions
CUST02343,12.0,1.0,3277.4535636467303,1.0,0.0,0,5,1,1,new_customers
CUST02344,46.0,5.0,10005.601077756091,0.0,0.0,5,4,5,4,champions
CUST02345,999.0,0.0,0.0,1.0,0.0,5,1,1,1,high_intent_abandoner
CUST02346,26.0,6.0,11260.984243846828,0.0,0.16666666666666666,0,5,5,5,champions
CUST02347,389.0,1.0,2341.9996419979675,2.0,0.0,5,1,1,1,high_intent_abandoner
CUST02348,78.0,5.0,5213.131338637008,1.0,0.2,1,4,5,2,discount_sensitive_customers
CUST02349,999.0,0.0,0.0,0.0,0.0,3,1,1,1,high_intent_abandoner
CUST02350,60.0,7.0,16327.635199090171,1.0,0.0,4,4,5,5,champions
CUST02351,267.0,4.0,9480.780603509107,3.0,0.25,1,1,4,4,high_value_unhappy
CUST02352,36.0,2.0,1819.0755300710362,1.0,0.5,4,4,2,1,high_intent_abandoner
CUST02353,99.0,4.0,5491.719476375189,1.0,0.25,2,3,4,2,discount_sensitive_customers
CUST02354,58.0,4.0,6798.404868808206,1.0,0.75,2,4,4,3,loyal_customers
CUST02355,144.0,6.0,9798.858606596848,1.0,0.0,0,3,5,4,loyal_customers
CUST02356,94.0,3.0,4415.983041451086,0.0,0.3333333333333333,1,3,3,2,discount_sensitive_customers
CUST02357,200.0,3.0,5794.227521216497,0.0,0.0,0,2,3,3,at_risk_customers
CUST02358,216.0,2.0,4090.092636528659,3.0,0.5,0,2,2,2,dormant_customers
CUST02359,34.0,4.0,9637.17593777186,1.0,0.0,0,5,4,4,champions
CUST02360,258.0,3.0,8911.754469372781,0.0,0.3333333333333333,2,1,3,4,at_risk_customers
CUST02361,74.0,4.0,5863.756343543048,0.0,0.0,5,4,4,3,loyal_customers
CUST02362,105.0,4.0,6079.798542772678,0.0,0.0,0,3,4,3,loyal_customers
CUST02363,17.0,3.0,2410.5997801624085,1.0,0.0,5,5,3,1,discount_sensitive_customers
CUST02364,473.0,1.0,2502.1361436704137,3.0,1.0,5,1,1,1,high_intent_abandoner
CUST02365,103.0,4.0,5674.982207642753,0.0,0.0,0,3,4,3,loyal_customers
CUST02366,15.0,4.0,4996.90406662578,0.0,0.0,0,5,4,2,discount_sensitive_customers
CUST02367,106.0,1.0,429.333540284025,0.0,0.0,0,3,1,1,discount_sensitive_customers
CUST02368,58.0,5.0,9376.184178342059,3.0,0.0,1,4,5,4,high_value_unhappy
CUST02369,88.0,4.0,5900.218440956071,1.0,0.0,4,3,4,3,loyal_customers
CUST02370,365.0,1.0,1390.2571566015445,1.0,0.0,1,1,1,1,dormant_customers
CUST02371,145.0,3.0,4220.872389691866,1.0,0.3333333333333333,3,3,3,2,discount_sensitive_customers
CUST02372,78.0,6.0,8739.372021550242,0.0,0.0,5,4,5,4,champions
CUST02373,52.0,5.0,7871.1105553332545,1.0,0.0,1,4,5,4,champions
CUST02374,30.0,3.0,7473.772402809851,1.0,0.0,5,5,3,3,loyal_customers
CUST02375,71.0,5.0,9715.063353160935,1.0,0.2,5,4,5,4,champions
CUST02376,30.0,3.0,7194.360484522117,0.0,0.3333333333333333,5,5,3,3,loyal_customers
CUST02377,123.0,4.0,4874.516758441585,0.0,0.25,3,3,4,2,discount_sensitive_customers
CUST02378,441.0,2.0,4414.523450918165,2.0,0.0,2,1,2,2,dormant_customers
CUST02379,34.0,5.0,6788.227371270206,0.0,0.0,4,5,5,3,loyal_customers
CUST02380,204.0,4.0,5796.533493130253,0.0,0.0,0,2,4,3,at_risk_customers
CUST02381,200.0,2.0,3499.968543481913,0.0,0.0,3,2,2,2,high_intent_abandoner
CUST02382,171.0,7.0,8465.331783991656,1.0,0.2857142857142857,2,2,5,4,at_risk_customers
CUST02383,106.0,4.0,8864.333319995996,0.0,0.0,4,3,4,4,loyal_customers
CUST02384,136.0,5.0,7465.750743018314,1.0,0.0,3,3,5,3,loyal_customers
CUST02385,180.0,4.0,10423.388139628056,1.0,0.25,2,2,4,5,at_risk_customers
CUST02386,185.0,3.0,1045.8315838546234,1.0,0.3333333333333333,0,2,3,1,discount_sensitive_customers
CUST02387,237.0,6.0,9607.394394405781,1.0,0.0,2,2,5,4,at_risk_customers
CUST02388,56.0,3.0,3264.281482819709,1.0,0.0,2,4,3,1,discount_sensitive_customers
CUST02389,575.0,1.0,803.3831739331163,1.0,0.0,0,1,1,1,dormant_customers
CUST02390,174.0,3.0,9758.401694285823,2.0,0.3333333333333333,5,2,3,4,high_value_unhappy
CUST02391,299.0,1.0,2724.677485520825,0.0,0.0,5,1,1,1,high_intent_abandoner
CUST02392,59.0,3.0,4079.9607813744756,2.0,0.3333333333333333,3,4,3,2,discount_sensitive_customers
CUST02393,193.0,4.0,5956.3247788391345,3.0,0.25,2,2,4,3,at_risk_customers
CUST02394,114.0,3.0,7113.838374172191,0.0,0.0,0,3,3,3,loyal_customers
CUST02395,231.0,3.0,6207.007829424978,1.0,0.0,3,2,3,3,at_risk_customers
CUST02396,42.0,5.0,4394.65371164382,2.0,0.0,0,4,5,2,discount_sensitive_customers
CUST02397,12.0,4.0,6619.514874104032,2.0,0.25,1,5,4,3,loyal_customers
CUST02398,97.0,5.0,11807.314721582032,0.0,0.2,3,3,5,5,loyal_customers
CUST02399,419.0,1.0,2915.11942500232,2.0,0.0,1,1,1,1,dormant_customers
CUST02400,52.0,1.0,865.3839688411458,0.0,0.0,5,4,1,1,high_intent_abandoner
